"Algorithm","Hash","Path"
"SHA256","257B3C5B3F37EB4C17620558FD747BE65A826C94A1B3D6501CD86856D1348955","C:\Users\dikarm\Documents\Server\OCR-FOTO-P3STE\OCR_Foto_Timemark_App\05_pdf_merged\Tim_1\BTP BD\AXC\0_ZP 10C MSG.jpg"
"SHA256","BE7B07F62ACDB1D229DEA0B1753F246CF047E7ADD60B11FFDA7CE839C1876CA3","C:\Users\dikarm\Documents\Server\OCR-FOTO-P3STE\OCR_Foto_Timemark_App\05_pdf_merged\Tim_1\BTP BD\AXC\100_ZP 10C MSG.jpg"
"SHA256","BE7B07F62ACDB1D229DEA0B1753F246CF047E7ADD60B11FFDA7CE839C1876CA3","C:\Users\dikarm\Documents\Server\OCR-FOTO-P3STE\OCR_Foto_Timemark_App\05_pdf_merged\Tim_1\BTP BD\AXC\50_ZP 10C MSG.jpg"
"SHA256","68516241A4B8036173A0CE7B8A612B3BBEB1523CB45E1626AFF68A6036B9FC2A","C:\Users\dikarm\Documents\Server\OCR-FOTO-P3STE\OCR_Foto_Timemark_App\05_pdf_merged\Tim_1\BTP BD\AXC\PERAWATAN AXLE COUNTER ZP 101A BTT-MSG 25-08-2025.pdf"
"SHA256","9551FF79F95F05782C75C20204D969A75DE5F872144E250098D1537BFED44A23","C:\Users\dikarm\Documents\Server\OCR-FOTO-P3STE\OCR_Foto_Timemark_App\05_pdf_merged\Tim_1\BTP BD\AXC\PERAWATAN AXLE COUNTER ZP 101A MSG-CCR 28-08-2025.pdf"
"SHA256","AB8A6AC6EBB0CFEB5ADEED8F94B6FC409C06808F20A2F3E2F6CF02C09DA70A17","C:\Users\dikarm\Documents\Server\OCR-FOTO-P3STE\OCR_Foto_Timemark_App\05_pdf_merged\Tim_1\BTP BD\AXC\PERAWATAN AXLE COUNTER ZP 101B BTT-MSG 25-08-2025.pdf"
"SHA256","1D021987D96DF60862E7950132CB594340F847FEFE83F87D7E2E1B3B11DD3920","C:\Users\dikarm\Documents\Server\OCR-FOTO-P3STE\OCR_Foto_Timemark_App\05_pdf_merged\Tim_1\BTP BD\AXC\PERAWATAN AXLE COUNTER ZP 101B MSG-CCR 28-08-2025.pdf"
"SHA256","93809AC5E3F2AE6902B349A095946FDD7AD92AF07AC30AA035077DDA7D94ECC4","C:\Users\dikarm\Documents\Server\OCR-FOTO-P3STE\OCR_Foto_Timemark_App\05_pdf_merged\Tim_1\BTP BD\AXC\PERAWATAN AXLE COUNTER ZP 10A BTT-BOP 24-08-2025.pdf"
"SHA256","2A0ECA0069862C0B041103D737822DC3E2ED51E1FD83F2D1CB43C745A70486D6","C:\Users\dikarm\Documents\Server\OCR-FOTO-P3STE\OCR_Foto_Timemark_App\05_pdf_merged\Tim_1\BTP BD\AXC\PERAWATAN AXLE COUNTER ZP 10A BTT-MSG 27-08-2025.pdf"
"SHA256","8F84D1B86558B692C88AF772FBE4DB60156DC740DEAEA307796C768FECFFEFB2","C:\Users\dikarm\Documents\Server\OCR-FOTO-P3STE\OCR_Foto_Timemark_App\05_pdf_merged\Tim_1\BTP BD\AXC\PERAWATAN AXLE COUNTER ZP 10B BTT 24-08-2025.pdf"
"SHA256","21827132CEF693C89A27E675B03E5D2E63EC94FA8FE104777B6D1761EC87715A","C:\Users\dikarm\Documents\Server\OCR-FOTO-P3STE\OCR_Foto_Timemark_App\05_pdf_merged\Tim_1\BTP BD\AXC\PERAWATAN AXLE COUNTER ZP 10B MSG 27-08-2025.pdf"
"SHA256","4239D745917CC71952291D1A4B84B47803627FB7DB13F0B8C9B26AB69EC9DCA5","C:\Users\dikarm\Documents\Server\OCR-FOTO-P3STE\OCR_Foto_Timemark_App\05_pdf_merged\Tim_1\BTP BD\AXC\PERAWATAN AXLE COUNTER ZP 10C MSG 27-08-2025.pdf"
"SHA256","477F74D08FF78FC473385C117BC4215AE0B7B415E233F6DD0C2C97792ECE88D8","C:\Users\dikarm\Documents\Server\OCR-FOTO-P3STE\OCR_Foto_Timemark_App\05_pdf_merged\Tim_1\BTP BD\AXC\PERAWATAN AXLE COUNTER ZP 11 MSG 27-08-2025.pdf"
"SHA256","1C67D9BE541F480D91B2DE6CBBD527B751CD42B2CF8DB561F1DF38ADC04C8083","C:\Users\dikarm\Documents\Server\OCR-FOTO-P3STE\OCR_Foto_Timemark_App\05_pdf_merged\Tim_1\BTP BD\AXC\PERAWATAN AXLE COUNTER ZP 12A BTT 24-08-2025.pdf"
"SHA256","407EB95257982A771A20B17545F54EB8310B549FF264D07B63D580944A148E74","C:\Users\dikarm\Documents\Server\OCR-FOTO-P3STE\OCR_Foto_Timemark_App\05_pdf_merged\Tim_1\BTP BD\AXC\PERAWATAN AXLE COUNTER ZP 12A MSG 27-08-2025.pdf"
"SHA256","F0AFF7FA161AA365899EB06BB26BEEA911DF4B795B968E3A6F59056CC130099A","C:\Users\dikarm\Documents\Server\OCR-FOTO-P3STE\OCR_Foto_Timemark_App\05_pdf_merged\Tim_1\BTP BD\AXC\PERAWATAN AXLE COUNTER ZP 12B BTT 24-08-2025.pdf"
"SHA256","CA18E6698B1C97B1C7DC85796DD29ED2952196F2D602CA6B00C501475A4DA1FA","C:\Users\dikarm\Documents\Server\OCR-FOTO-P3STE\OCR_Foto_Timemark_App\05_pdf_merged\Tim_1\BTP BD\AXC\PERAWATAN AXLE COUNTER ZP 12B MSG 27-08-2025.pdf"
"SHA256","F5A46B616ECCE6D5CBB4BC11C3F060D70D89A581C8E6E9BC93A4C94A954E8C54","C:\Users\dikarm\Documents\Server\OCR-FOTO-P3STE\OCR_Foto_Timemark_App\05_pdf_merged\Tim_1\BTP BD\AXC\PERAWATAN AXLE COUNTER ZP 13 MSG 27-08-2025.pdf"
"SHA256","B11D7DC4CEDE4AEE89A2BA0D606EB3A2A24BB644D7B353FDDC64D6AB6DD9FD1E","C:\Users\dikarm\Documents\Server\OCR-FOTO-P3STE\OCR_Foto_Timemark_App\05_pdf_merged\Tim_1\BTP BD\AXC\PERAWATAN AXLE COUNTER ZP 14A BTT 24-08-2025.pdf"
"SHA256","D46FD55B061B6CAA0FE4812808F18535F8A8307B88A06FFDA9D8A34E5C4329C3","C:\Users\dikarm\Documents\Server\OCR-FOTO-P3STE\OCR_Foto_Timemark_App\05_pdf_merged\Tim_1\BTP BD\AXC\PERAWATAN AXLE COUNTER ZP 14A MSG 27-08-2025.pdf"
"SHA256","34380322DEFC74924CD688A08B8016C535A56CBED81EBFF98C3D052F5AD29E1B","C:\Users\dikarm\Documents\Server\OCR-FOTO-P3STE\OCR_Foto_Timemark_App\05_pdf_merged\Tim_1\BTP BD\AXC\PERAWATAN AXLE COUNTER ZP 14B BTT-MSG 24-08-2025.pdf"
"SHA256","D97F084FCD92B3A33867558AF606A74DDD56F648D6A5D3690500F2B92CAFEDB6","C:\Users\dikarm\Documents\Server\OCR-FOTO-P3STE\OCR_Foto_Timemark_App\05_pdf_merged\Tim_1\BTP BD\AXC\PERAWATAN AXLE COUNTER ZP 14B MSG 27-08-2025.pdf"
"SHA256","D6850A90D8F91AE6F735CCA2A8D358FBE550CA47F12ABDA5B6BB7472C8203AE4","C:\Users\dikarm\Documents\Server\OCR-FOTO-P3STE\OCR_Foto_Timemark_App\05_pdf_merged\Tim_1\BTP BD\AXC\PERAWATAN AXLE COUNTER ZP 14C CCR-MSG 27-08-2025.pdf"
"SHA256","B6696042E3E84645905FD9398ACDCF13C6D12C0A5C12771DA4C65A02C2428BD1","C:\Users\dikarm\Documents\Server\OCR-FOTO-P3STE\OCR_Foto_Timemark_App\05_pdf_merged\Tim_1\BTP BD\AXC\PERAWATAN AXLE COUNTER ZP 201A CCR-MSG 28-08-2025.pdf"
"SHA256","87A4A61D24C06EC07B7F8EFFF36DA5DF72FB53DB38F0FC52DA2F8DB6EB7F5A7B","C:\Users\dikarm\Documents\Server\OCR-FOTO-P3STE\OCR_Foto_Timemark_App\05_pdf_merged\Tim_1\BTP BD\AXC\PERAWATAN AXLE COUNTER ZP 201A MSG-BTT 25-08-2025.pdf"
"SHA256","A93D84186514F65B9A4E1E69A0A1E691F372F9A22D6C1EF3CF296AAD81273BEC","C:\Users\dikarm\Documents\Server\OCR-FOTO-P3STE\OCR_Foto_Timemark_App\05_pdf_merged\Tim_1\BTP BD\AXC\PERAWATAN AXLE COUNTER ZP 201B CCR-MSG 28-08-2025.pdf"
"SHA256","AC6C490A915C8E04824DD9C9F9A7A01A7F3879817F6B7B51F0BDD3D6A2501E24","C:\Users\dikarm\Documents\Server\OCR-FOTO-P3STE\OCR_Foto_Timemark_App\05_pdf_merged\Tim_1\BTP BD\AXC\PERAWATAN AXLE COUNTER ZP 201B MSG-BTT 25-08-2025.pdf"
"SHA256","ABDFE2CADDF1ABDEB7781B700A4C4CE8E9EC637BA2E3CADBE8330064D1D9E13A","C:\Users\dikarm\Documents\Server\OCR-FOTO-P3STE\OCR_Foto_Timemark_App\05_pdf_merged\Tim_1\BTP BD\AXC\PERAWATAN AXLE COUNTER ZP 208B DISETUJUI 27-08-2025.pdf"
"SHA256","EEA20CDE87EF49F8C7B380FA9206DF4068A68FBCC0E9F89C6ED43839EA2C8930","C:\Users\dikarm\Documents\Server\OCR-FOTO-P3STE\OCR_Foto_Timemark_App\05_pdf_merged\Tim_1\BTP BD\AXC\PERAWATAN AXLE COUNTER ZP 20A BTT-BOP 24-08-2025.pdf"
"SHA256","88ACE395B16B08348B2B818134529769383B73AC423A35983BDF6EEAF4B39F23","C:\Users\dikarm\Documents\Server\OCR-FOTO-P3STE\OCR_Foto_Timemark_App\05_pdf_merged\Tim_1\BTP BD\AXC\PERAWATAN AXLE COUNTER ZP 20A BTT-MSG 27-08-2025.pdf"
"SHA256","77F7EE4CDBA2DB9E16EB9BC4825F53578CC424269597E2C83B93D37A1AB0413D","C:\Users\dikarm\Documents\Server\OCR-FOTO-P3STE\OCR_Foto_Timemark_App\05_pdf_merged\Tim_1\BTP BD\AXC\PERAWATAN AXLE COUNTER ZP 20B BTT 24-08-2025.pdf"
"SHA256","C718C2680B792D35CFD45EBAF8344984E7F547811A0ADD104448A6E236911F0D","C:\Users\dikarm\Documents\Server\OCR-FOTO-P3STE\OCR_Foto_Timemark_App\05_pdf_merged\Tim_1\BTP BD\AXC\PERAWATAN AXLE COUNTER ZP 20B MSG 27-08-2025.pdf"
"SHA256","858A5C15DB9656B47D2E9610D2F0CF636B11AC4ED7A9D0BE4F39FD64C1B4B206","C:\Users\dikarm\Documents\Server\OCR-FOTO-P3STE\OCR_Foto_Timemark_App\05_pdf_merged\Tim_1\BTP BD\AXC\PERAWATAN AXLE COUNTER ZP 20C MSG 27-08-2025.pdf"
"SHA256","F7D7927FC3EB074F041B095EDC780D762E83AB2B98288C3CD2C85D03EF4C4AA0","C:\Users\dikarm\Documents\Server\OCR-FOTO-P3STE\OCR_Foto_Timemark_App\05_pdf_merged\Tim_1\BTP BD\AXC\PERAWATAN AXLE COUNTER ZP 22A BTT 24-08-2025.pdf"
"SHA256","3FA0CB5CCF18B87FC8A83285EBE4C30B6D13FE95E7D5D5B5DD3C67C12FB87D67","C:\Users\dikarm\Documents\Server\OCR-FOTO-P3STE\OCR_Foto_Timemark_App\05_pdf_merged\Tim_1\BTP BD\AXC\PERAWATAN AXLE COUNTER ZP 22A MSG 27-08-2025.pdf"
"SHA256","F64ED0BE4131CDD0E818FA3C58038D54830EE321E4FAA90A03FC28D59D18C01F","C:\Users\dikarm\Documents\Server\OCR-FOTO-P3STE\OCR_Foto_Timemark_App\05_pdf_merged\Tim_1\BTP BD\AXC\PERAWATAN AXLE COUNTER ZP 22B BTT 24-08-2025.pdf"
"SHA256","19B054E4AD33853CDBBBA505C0D94B11A609A569EB297E3EAEF2F7E1300E3026","C:\Users\dikarm\Documents\Server\OCR-FOTO-P3STE\OCR_Foto_Timemark_App\05_pdf_merged\Tim_1\BTP BD\AXC\PERAWATAN AXLE COUNTER ZP 22B MSG 27-08-2025.pdf"
"SHA256","7DC5EA5D138D4EF4F684E6D5D25B84990CAF6A89D12773C6D07782537F4256B2","C:\Users\dikarm\Documents\Server\OCR-FOTO-P3STE\OCR_Foto_Timemark_App\05_pdf_merged\Tim_1\BTP BD\AXC\PERAWATAN AXLE COUNTER ZP 24A BTT 24-08-2025.pdf"
"SHA256","51A529BC7FDC2DFF0529E40B9A563ED4F2813BE554F1E252D2906C47FC7AD826","C:\Users\dikarm\Documents\Server\OCR-FOTO-P3STE\OCR_Foto_Timemark_App\05_pdf_merged\Tim_1\BTP BD\AXC\PERAWATAN AXLE COUNTER ZP 24A MSG 27-08-2025.pdf"
"SHA256","6CEC5F3F845AF4BC29E5BD44142E64140A988EE116EAA0771CEF916A1239AD48","C:\Users\dikarm\Documents\Server\OCR-FOTO-P3STE\OCR_Foto_Timemark_App\05_pdf_merged\Tim_1\BTP BD\AXC\PERAWATAN AXLE COUNTER ZP 24B MSG 27-08-2025.pdf"
"SHA256","5C66CE0320B6BE07168AE4E77963D1004B1C15F7EDBAC5C38EF276F9E4E7E353","C:\Users\dikarm\Documents\Server\OCR-FOTO-P3STE\OCR_Foto_Timemark_App\05_pdf_merged\Tim_1\BTP BD\AXC\PERAWATAN AXLE COUNTER ZP 24B MSG-BTT 24-08-2025.pdf"
"SHA256","5746BEC291F0F34871DE04EC47E54C9E8BDD9FE8A67981F7D1B36A65B0A819A2","C:\Users\dikarm\Documents\Server\OCR-FOTO-P3STE\OCR_Foto_Timemark_App\05_pdf_merged\Tim_1\BTP BD\AXC\PERAWATAN AXLE COUNTER ZP 24C CCR-MSG 27-08-2025.pdf"
"SHA256","35597BDEF6EEF73736E94B6381571455BBD94FA026D04460501F1CB5D34862C8","C:\Users\dikarm\Documents\Server\OCR-FOTO-P3STE\OCR_Foto_Timemark_App\05_pdf_merged\Tim_1\BTP BD\AXC\PERAWATAN AXLE COUNTER ZP 25 BOP 08-08-2025.pdf"
"SHA256","7B5A9DDFB1598E8556413DA238A8742B30E56ED62907FF82A4C8B97783AF718F","C:\Users\dikarm\Documents\Server\OCR-FOTO-P3STE\OCR_Foto_Timemark_App\05_pdf_merged\Tim_1\BTP BD\AXC\PERAWATAN AXLE COUNTER ZP 26A BOP 08-08-2025.pdf"
"SHA256","1CD235BF90A0922D45F50860017F0A831B9A891D42458168241E2DEB6AF9F564","C:\Users\dikarm\Documents\Server\OCR-FOTO-P3STE\OCR_Foto_Timemark_App\05_pdf_merged\Tim_1\BTP BD\AXC\PERAWATAN AXLE COUNTER ZP 26B BOP 08-08-2025.pdf"
"SHA256","C3D40D3689B829D988827D78D629FD3AE2A7A874A47CC753FDA885D78BFF3795","C:\Users\dikarm\Documents\Server\OCR-FOTO-P3STE\OCR_Foto_Timemark_App\05_pdf_merged\Tim_1\BTP BD\AXC\PERAWATAN AXLE COUNTER ZP 26C BOP 08-08-2025.pdf"
"SHA256","4B8AC483266BCCCBF30558F350022F7952C0132D434577F314BB9D024CA77E00","C:\Users\dikarm\Documents\Server\OCR-FOTO-P3STE\OCR_Foto_Timemark_App\05_pdf_merged\Tim_1\BTP BD\AXC\PERAWATAN AXLE COUNTER ZP 27A BOP 08-08-2025.pdf"
"SHA256","8D1909EC50C8DF794305D82076C917C162E6D18D295B94E74DC4A1E1F4B59A7E","C:\Users\dikarm\Documents\Server\OCR-FOTO-P3STE\OCR_Foto_Timemark_App\05_pdf_merged\Tim_1\BTP BD\AXC\PERAWATAN AXLE COUNTER ZP 27B BOP 08-08-2025.pdf"
"SHA256","E2C19E2AB2760045B44EF1453FCBAB870AE95C859CF89F336747B8BA5521EDBE","C:\Users\dikarm\Documents\Server\OCR-FOTO-P3STE\OCR_Foto_Timemark_App\05_pdf_merged\Tim_1\BTP BD\AXC\PERAWATAN AXLE COUNTER ZP 27C BOP 08-08-2025.pdf"
"SHA256","1FA10D863BE470A85D9B67D0358A9F202E24EA73BE279036A79EDC222C9523CE","C:\Users\dikarm\Documents\Server\OCR-FOTO-P3STE\OCR_Foto_Timemark_App\05_pdf_merged\Tim_1\BTP BD\AXC\PERAWATAN AXLE COUNTER ZP 28A BOP 08-08-2025.pdf"
"SHA256","DF5C32AB8E836341C58E8BA7128DE4D1A5D9C90F0EE676F6720568D6A7FACCC0","C:\Users\dikarm\Documents\Server\OCR-FOTO-P3STE\OCR_Foto_Timemark_App\05_pdf_merged\Tim_1\BTP BD\AXC\PERAWATAN AXLE COUNTER ZP 28B BOP 08-08-2025.pdf"
"SHA256","A4E7367544A87522F46902709D8B26232B5DE0DAC5ABF71B04176532265505E0","C:\Users\dikarm\Documents\Server\OCR-FOTO-P3STE\OCR_Foto_Timemark_App\05_pdf_merged\Tim_1\BTP BD\AXC\PERAWATAN AXLE COUNTER ZP 28C BTT-BOP 08-08-2025.pdf"
"SHA256","4B3DD8AE3987C3DB855857AB6981899A63E28F74E6BF31AB87CFA6EC001604A0","C:\Users\dikarm\Documents\Server\OCR-FOTO-P3STE\OCR_Foto_Timemark_App\05_pdf_merged\Tim_1\BTP BD\AXC\PERAWATAN AXLE COUNTER ZP 46A BOP 08-08-2025.pdf"
"SHA256","033C4049C42B9AEA19E259A2E6857B9DF8D11F9CF90E4E27ED75B63C6BA3AFE2","C:\Users\dikarm\Documents\Server\OCR-FOTO-P3STE\OCR_Foto_Timemark_App\05_pdf_merged\Tim_1\BTP BD\AXC\PERAWATAN AXLE COUNTER ZP 46B BOP 08-08-2025.pdf"
"SHA256","86EDC4B548A0B6A59697980818A04297883F75513DACD350844666E8500B5C4C","C:\Users\dikarm\Documents\Server\OCR-FOTO-P3STE\OCR_Foto_Timemark_App\05_pdf_merged\Tim_1\BTP BD\AXC\PERAWATAN AXLE COUNTER ZP 47A BOP 08-08-2025.pdf"
"SHA256","3546581DC9EA423B71F3CD789971653F6B9BA313B22D4E321910371290E52269","C:\Users\dikarm\Documents\Server\OCR-FOTO-P3STE\OCR_Foto_Timemark_App\05_pdf_merged\Tim_1\BTP BD\AXC\PERAWATAN AXLE COUNTER ZP 47B BOP 08-08-2025.pdf"
"SHA256","3E593978F484C3B2FF313DC0E9280278A33BBF4B32C9A3E1F09BD56F43D59F98","C:\Users\dikarm\Documents\Server\OCR-FOTO-P3STE\OCR_Foto_Timemark_App\05_pdf_merged\Tim_1\BTP BD\AXC\PERAWATAN AXLE COUNTER ZP 47C BOP 08-08-2025.pdf"
"SHA256","DA8E7FF1385E44F353E894ED55AE99A165D1F0A336F031C63E951F5352C3C174","C:\Users\dikarm\Documents\Server\OCR-FOTO-P3STE\OCR_Foto_Timemark_App\05_pdf_merged\Tim_1\BTP BD\AXC\PERAWATAN AXLE COUNTER ZP 47D BOP 08-08-2025.pdf"
"SHA256","3D9B692CDDBE6330749D24080391DD5C036386B824E3007AA9610B76DBA902A8","C:\Users\dikarm\Documents\Server\OCR-FOTO-P3STE\OCR_Foto_Timemark_App\05_pdf_merged\Tim_1\BTP BD\AXC\PERAWATAN AXLE COUNTER ZP 48A BOP 08-08-2025.pdf"
"SHA256","A40A0FD4ECF30BCE5247E31D9CED1DC54EA4038AC1EAF1CA6C0A351E673CCA90","C:\Users\dikarm\Documents\Server\OCR-FOTO-P3STE\OCR_Foto_Timemark_App\05_pdf_merged\Tim_1\BTP BD\AXC\PERAWATAN AXLE COUNTER ZP 48B BOP 08-08-2025.pdf"
"SHA256","4732BFD5A41CEE395DDDA29B87FAD67C4251E92EE95B740AD740679E46948DC1","C:\Users\dikarm\Documents\Server\OCR-FOTO-P3STE\OCR_Foto_Timemark_App\05_pdf_merged\Tim_1\BTP BD\AXC\PERAWATAN AXLE COUNTER ZP 48C BTT-BOP 08-08-2025.pdf"
"SHA256","F44BDF21B9FA77FFDDD2677862D888901EB50616D807798D033FF2F150335E0B","C:\Users\dikarm\Documents\Server\OCR-FOTO-P3STE\OCR_Foto_Timemark_App\05_pdf_merged\Tim_1\BTP BD\AXC\PERAWATAN AXLE COUNTER ZP 66A BOP 08-08-2025.pdf"
"SHA256","DBFA964B7B4A40BD42BEB4EC582BB2F79C476EE57BFFE486F5FF68CEF6572F6A","C:\Users\dikarm\Documents\Server\OCR-FOTO-P3STE\OCR_Foto_Timemark_App\05_pdf_merged\Tim_1\BTP BD\AXC\PERAWATAN AXLE COUNTER ZP 66B BOP 08-08-2025.pdf"
"SHA256","D4BC3D9CD04CB53511BFA585E9C8815FEE88FBA66D6B75466FD9442410C48CC9","C:\Users\dikarm\Documents\Server\OCR-FOTO-P3STE\OCR_Foto_Timemark_App\05_pdf_merged\Tim_1\BTP BD\AXC\PERAWATAN AXLE COUNTER ZP 68 BOP 08-08-2025.pdf"
"SHA256","2545C2E418B9ACD88A1B904F27769EE6E9EF41D98263C89CE6C0DE20BDB0E2A6","C:\Users\dikarm\Documents\Server\OCR-FOTO-P3STE\OCR_Foto_Timemark_App\05_pdf_merged\Tim_1\BTP BD\CATUDAYA\0_MSG.jpg"
"SHA256","C09AA239C1F2C925CA130DEC42C5114ACF3D1DC0674B353E3946319524786DB2","C:\Users\dikarm\Documents\Server\OCR-FOTO-P3STE\OCR_Foto_Timemark_App\05_pdf_merged\Tim_1\BTP BD\CATUDAYA\100_MSG.jpg"
"SHA256","E65AE4968FC71FC5CC1AD753919575E97BEFABAE6415D6454A4B0813EF67C9F7","C:\Users\dikarm\Documents\Server\OCR-FOTO-P3STE\OCR_Foto_Timemark_App\05_pdf_merged\Tim_1\BTP BD\CATUDAYA\PERAWATAN CATU DAYA ER SINYAL BOP 14-08-2025.pdf"
"SHA256","7473C636FF407F015914EB5A31CCC8E514D1A1A7A6A7B191BF9AC0BF5F8B9ED0","C:\Users\dikarm\Documents\Server\OCR-FOTO-P3STE\OCR_Foto_Timemark_App\05_pdf_merged\Tim_1\BTP BD\CATUDAYA\PERAWATAN CATU DAYA ER SINYAL BTT 19-08-2025.pdf"
"SHA256","C65922D546DE8D10D813E1A09CDD8749C2800FE8588EFB6C6600268F80702484","C:\Users\dikarm\Documents\Server\OCR-FOTO-P3STE\OCR_Foto_Timemark_App\05_pdf_merged\Tim_1\BTP BD\CATUDAYA\PERAWATAN CATU DAYA ER SINYAL CGB 28-08-2025.pdf"
"SHA256","3BC275DAF7460962FC5D22B00EB02901BCE09CEFED8BCC8C8081060BD08208FE","C:\Users\dikarm\Documents\Server\OCR-FOTO-P3STE\OCR_Foto_Timemark_App\05_pdf_merged\Tim_1\BTP BD\CATUDAYA\PERAWATAN CATU DAYA ER SINYAL COS 25-08-2025.pdf"
"SHA256","5AE65241490BA883427AC607835BC9CD9F563BA10C8DEB65D8BEE2437382B4EC","C:\Users\dikarm\Documents\Server\OCR-FOTO-P3STE\OCR_Foto_Timemark_App\05_pdf_merged\Tim_1\BTP BD\CATUDAYA\PERAWATAN CATU DAYA ER SINYAL MSG 06-08-2025.pdf"
"SHA256","59DEA7240EC85C82A99922EB872CDF75FE97BBC929B77FC17E8E94002B4FD3D3","C:\Users\dikarm\Documents\Server\OCR-FOTO-P3STE\OCR_Foto_Timemark_App\05_pdf_merged\Tim_1\BTP BD\JPL\PERAWATAN PINTU PERLINTASAN JPL 04 BOP 14-08-2025.pdf"
"SHA256","20810D7D6450D88CFBB0C5491A694DDF1771D1237BCB7F2D86862CF6F54D5907","C:\Users\dikarm\Documents\Server\OCR-FOTO-P3STE\OCR_Foto_Timemark_App\05_pdf_merged\Tim_1\BTP BD\JPL\PERAWATAN PINTU PERLINTASAN JPL 07 BOP-BTT 14-08-2025.pdf"
"SHA256","7D25BBF26BD8DC3B8187DE6D6C0220A918ABDB89980F5ECAB3D47BD60A0FE74E","C:\Users\dikarm\Documents\Server\OCR-FOTO-P3STE\OCR_Foto_Timemark_App\05_pdf_merged\Tim_1\BTP BD\JPL\PERAWATAN PINTU PERLINTASAN JPL 11 BTT 19-08-2025.pdf"
"SHA256","96FC27E97BE5B169946D0A83D433CDA7827BB277C678A37D83C2D05B59651BDB","C:\Users\dikarm\Documents\Server\OCR-FOTO-P3STE\OCR_Foto_Timemark_App\05_pdf_merged\Tim_1\BTP BD\JPL\PERAWATAN PINTU PERLINTASAN JPL 15 MSG-CCR 28-08-2025.pdf"
"SHA256","E4F240069CFDDE9488BE43DB5EDB8D47D6D72E1A390C74AE0067F64C01289C02","C:\Users\dikarm\Documents\Server\OCR-FOTO-P3STE\OCR_Foto_Timemark_App\05_pdf_merged\Tim_1\BTP BD\JPL\PERAWATAN PINTU PERLINTASAN JPL 16 MSG-CCR 28-08-2025.pdf"
"SHA256","5D0F6FA5D4BB6291461CB846FB2E4ED7331D9E707342983E79D211AB4DA08B85","C:\Users\dikarm\Documents\Server\OCR-FOTO-P3STE\OCR_Foto_Timemark_App\05_pdf_merged\Tim_1\BTP BD\JPL\PERAWATAN PINTU PERLINTASAN JPL BNR BTT 14-08-2025.pdf"
"SHA256","12D56D8785527FB3D4BD52C8FE70A2027B63A9C1640DFF17543B3A92AB858A3A","C:\Users\dikarm\Documents\Server\OCR-FOTO-P3STE\OCR_Foto_Timemark_App\05_pdf_merged\Tim_1\BTP BD\PDSE\PERAWATAN PDSE BOP 14-08-2025.pdf"
"SHA256","8C3E615C2DF6CBB845190A579FCF1256967C15A5DCDC1A7EDAD26BE41158EE95","C:\Users\dikarm\Documents\Server\OCR-FOTO-P3STE\OCR_Foto_Timemark_App\05_pdf_merged\Tim_1\BTP BD\PDSE\PERAWATAN PDSE BTT 15-08-2025.pdf"
"SHA256","EFCE0E0FE42D2BE3B20A5C34D612BE387DF857112C8E718F661CAC629DA10519","C:\Users\dikarm\Documents\Server\OCR-FOTO-P3STE\OCR_Foto_Timemark_App\05_pdf_merged\Tim_1\BTP BD\PDSE\PERAWATAN PDSE BTT 19-08-2025.pdf"
"SHA256","3E9551A7F8B0162E6268B958671C5E6AC14819506EB370E45940F258A57F27A2","C:\Users\dikarm\Documents\Server\OCR-FOTO-P3STE\OCR_Foto_Timemark_App\05_pdf_merged\Tim_1\BTP BD\PDSE\PERAWATAN PDSE CGB 28-08-2025.pdf"
"SHA256","FE8B45303CA298FF8AB668E0FE8F130790278E679B948690E2256E12F2AEF9C7","C:\Users\dikarm\Documents\Server\OCR-FOTO-P3STE\OCR_Foto_Timemark_App\05_pdf_merged\Tim_1\BTP BD\PDSE\PERAWATAN PDSE COS 25-08-2025.pdf"
"SHA256","5CD2D9931350C8FCEC3C3F4F18F32448080FD67192BBBE06B8465807B1E9D8AF","C:\Users\dikarm\Documents\Server\OCR-FOTO-P3STE\OCR_Foto_Timemark_App\05_pdf_merged\Tim_1\BTP BD\PDSE\PERAWATAN PDSE MSG 06-08-2025.pdf"
"SHA256","9AE9DDCECA3A55D80A50EA978466BBC36C79051F24123E007EBEFC18DF837AE5","C:\Users\dikarm\Documents\Server\OCR-FOTO-P3STE\OCR_Foto_Timemark_App\05_pdf_merged\Tim_1\BTP BD\PTDS\PERAWATAN PTDS BOP 14-08-2025.pdf"
"SHA256","3B3567D9CBE94DE62009490CE22DA1F0BA3F32F1E4298CEB7D57910CE98E2B53","C:\Users\dikarm\Documents\Server\OCR-FOTO-P3STE\OCR_Foto_Timemark_App\05_pdf_merged\Tim_1\BTP BD\PTDS\PERAWATAN PTDS CGB 28-08-2025.pdf"
"SHA256","BA45C883FB8948E09D2D2476C5A8D9EEBB1155584B3AECCAB8CD1CEE6DDAB6F4","C:\Users\dikarm\Documents\Server\OCR-FOTO-P3STE\OCR_Foto_Timemark_App\05_pdf_merged\Tim_1\BTP BD\PTDS\PERAWATAN PTDS COS 25-08-2025.pdf"
"SHA256","9338D2C7E2826578AE4B6D704F7371EA7B5F5A297522D9DD2DB9ECF886D09904","C:\Users\dikarm\Documents\Server\OCR-FOTO-P3STE\OCR_Foto_Timemark_App\05_pdf_merged\Tim_1\BTP BD\PTLS\PERAWATAN PTLS BTT 19-08-2025.pdf"
"SHA256","CBEF57D108319E3A69DD8CEE569CB22328FE3A6EBFAD565C101820AEC718AD91","C:\Users\dikarm\Documents\Server\OCR-FOTO-P3STE\OCR_Foto_Timemark_App\05_pdf_merged\Tim_1\BTP BD\PTLS\PERAWATAN PTLS CGB 28-08-2025.pdf"
"SHA256","606912BDF02D0B41EEFF63BDB938F3466376437CDCE5E64254DC6FD72FC62F91","C:\Users\dikarm\Documents\Server\OCR-FOTO-P3STE\OCR_Foto_Timemark_App\05_pdf_merged\Tim_1\BTP BD\PTLS\PERAWATAN PTLS COS 25-08-2025.pdf"
"SHA256","7BC1854E7A6BC8362360B52E7F437D71EB19FB1CDA8CAC8CE99A610AFE64250D","C:\Users\dikarm\Documents\Server\OCR-FOTO-P3STE\OCR_Foto_Timemark_App\05_pdf_merged\Tim_1\BTP BD\PTLS\PERAWATAN PTLS MSG 06-08-2025.pdf"
"SHA256","F19D428F06C0114F4F69E6EFEE8607376DC289354D96222E84E6B8E543AEE4F2","C:\Users\dikarm\Documents\Server\OCR-FOTO-P3STE\OCR_Foto_Timemark_App\05_pdf_merged\Tim_1\BTP BD\PTPP\PERAWATAN PTPP JPL 11 BTT 19-08-2025.pdf"
"SHA256","71A75502647843408784292EC10145BE1C595DE2A22FFA4BD44E0685C16F0ABB","C:\Users\dikarm\Documents\Server\OCR-FOTO-P3STE\OCR_Foto_Timemark_App\05_pdf_merged\Tim_1\BTP BD\PTPP\PERAWATAN PTPP JPL 15 MSG-CCR 28-08-2025.pdf"
"SHA256","E82E22B7E16B97BD0F1ADF373B4A3DA3BE04CB2CB8B2E24DFFFAF1220C94E698","C:\Users\dikarm\Documents\Server\OCR-FOTO-P3STE\OCR_Foto_Timemark_App\05_pdf_merged\Tim_1\BTP BD\PTPP\PERAWATAN PTPP JPL 16 MSG-CCR 28-08-2025.pdf"
"SHA256","CB682ECA981C49ECDB19DF4087551435F5EE3AFD18EBA70DBD3091C2CF3BE551","C:\Users\dikarm\Documents\Server\OCR-FOTO-P3STE\OCR_Foto_Timemark_App\05_pdf_merged\Tim_1\BTP BD\PTPP\PERAWATAN PTPP JPL 4 BOP 14-08-2025.pdf"
"SHA256","EBA07A87BC1117390E93BED52B6AA13B6FB9C0727BB4D7C41ADC6A7209428E2C","C:\Users\dikarm\Documents\Server\OCR-FOTO-P3STE\OCR_Foto_Timemark_App\05_pdf_merged\Tim_1\BTP BD\PTPP\PERAWATAN PTPP JPL 7 BOP 14-08-2025.pdf"
"SHA256","7130A154BFDB5DECD02734D213CBC2D7E9C218EFD2A69ADC34129ADF7DF54928","C:\Users\dikarm\Documents\Server\OCR-FOTO-P3STE\OCR_Foto_Timemark_App\05_pdf_merged\Tim_1\BTP BD\PTPP\PERAWATAN PTPP JPL BNR BOP-BTT 14-08-2025.pdf"
"SHA256","96712FB7FE6F0704F75E75DA6153AA342C9265B6DDF0EBD4DAC2DBCBE35FE909","C:\Users\dikarm\Documents\Server\OCR-FOTO-P3STE\OCR_Foto_Timemark_App\05_pdf_merged\Tim_1\BTP BD\SERAT OPTIK\PERAWATAN SERAT OPTIK JPL 11 BTT 19-08-2025.pdf"
"SHA256","5B2F7A316B53241271B58C38F9A7509FA89E6D39F2997E0296B672464F8FDFCB","C:\Users\dikarm\Documents\Server\OCR-FOTO-P3STE\OCR_Foto_Timemark_App\05_pdf_merged\Tim_1\BTP BD\SERAT OPTIK\PERAWATAN SERAT OPTIK JPL 15 CGB 28-08-2025.pdf"
"SHA256","0FF1FD911B371BF2A952F5CFFD5083CBD1299B1043D5B8739786BDBA19297CD3","C:\Users\dikarm\Documents\Server\OCR-FOTO-P3STE\OCR_Foto_Timemark_App\05_pdf_merged\Tim_1\BTP BD\SERAT OPTIK\PERAWATAN SERAT OPTIK JPL 16 CGB 28-08-2025.pdf"
"SHA256","C504F74061E49B61AEDD87A42C875115903991C0DC47F2E04DDF7C782CB0C2A2","C:\Users\dikarm\Documents\Server\OCR-FOTO-P3STE\OCR_Foto_Timemark_App\05_pdf_merged\Tim_1\BTP BD\SERAT OPTIK\PERAWATAN SERAT OPTIK OTB ER SINYAL BOP 14-08-2025.pdf"
"SHA256","76B7D210329E1385B22149B78DCE29CAA78577B2BACA00DD3AD592A0B8E574A8","C:\Users\dikarm\Documents\Server\OCR-FOTO-P3STE\OCR_Foto_Timemark_App\05_pdf_merged\Tim_1\BTP BD\SERAT OPTIK\PERAWATAN SERAT OPTIK OTB ER SINYAL BTT 19-08-2025.pdf"
"SHA256","3CA9D94C21D6798CFE1AF0DC5A43FF3F8D56D602F326EE9422C66020BEB123CD","C:\Users\dikarm\Documents\Server\OCR-FOTO-P3STE\OCR_Foto_Timemark_App\05_pdf_merged\Tim_1\BTP BD\SERAT OPTIK\PERAWATAN SERAT OPTIK OTB ER SINYAL IB CGB 28-08-2025.pdf"
"SHA256","B32CF3552F353177C46A45E8DF11DE58FD694F14803BE363C44933FEA0AF58E3","C:\Users\dikarm\Documents\Server\OCR-FOTO-P3STE\OCR_Foto_Timemark_App\05_pdf_merged\Tim_1\BTP BD\SERAT OPTIK\PERAWATAN SERAT OPTIK OTB ER SINYAL IB COS 25-08-2025.pdf"
"SHA256","7400618CBB8C9C4F46EEBA94ED6D3F114246797EDBEDDD1A15CC20493EAD5EC4","C:\Users\dikarm\Documents\Server\OCR-FOTO-P3STE\OCR_Foto_Timemark_App\05_pdf_merged\Tim_1\BTP BD\SERAT OPTIK\PERAWATAN SERAT OPTIK OTB ER SINYAL MSG 06-08-2025.pdf"
"SHA256","C5F4E281AD55957DAA5FD4A106F3941AB10EAFC292074924FDB081BD57E77164","C:\Users\dikarm\Documents\Server\OCR-FOTO-P3STE\OCR_Foto_Timemark_App\05_pdf_merged\Tim_1\BTP BD\SERAT OPTIK\PERAWATAN SERAT OPTIK OTB ER TELKOM BTT 19-08-2025.pdf"
"SHA256","4378A33E06B4D946CF929F14AB64D39FE595835103CE652C920CECA7BB04EA22","C:\Users\dikarm\Documents\Server\OCR-FOTO-P3STE\OCR_Foto_Timemark_App\05_pdf_merged\Tim_1\BTP BD\SERAT OPTIK\PERAWATAN SERAT OPTIK OTB ER TELKOM CGB 28-08-2025.pdf"
"SHA256","D732F7F835E397009E468FAAB0645818FBDC33C27F30BD18CA4C7AA0C82B39B8","C:\Users\dikarm\Documents\Server\OCR-FOTO-P3STE\OCR_Foto_Timemark_App\05_pdf_merged\Tim_1\BTP BD\SERAT OPTIK\PERAWATAN SERAT OPTIK OTB ER TELKOM MSG 06-08-2025.pdf"
"SHA256","796A269A6C34F1137FB4C8111663A0276F4DF4D9EC445C3CCF9976D4762DB5C8","C:\Users\dikarm\Documents\Server\OCR-FOTO-P3STE\OCR_Foto_Timemark_App\05_pdf_merged\Tim_1\BTP BD\SINYAL\PERAWATAN SINYAL B101 BTT-MSG 25-08-2025.pdf"
"SHA256","85851AD69CF48EA10CDAEDF2E7BF72C0CCBA8A4DF1703F2735647F9B8F3CE704","C:\Users\dikarm\Documents\Server\OCR-FOTO-P3STE\OCR_Foto_Timemark_App\05_pdf_merged\Tim_1\BTP BD\SINYAL\PERAWATAN SINYAL B101 MSG-CCR 28-08-2025.pdf"
"SHA256","2BD2D08026CC5FD2C13C47224C41C5ED26DBD161AE6CD9C0E81CEDA5F9DC182F","C:\Users\dikarm\Documents\Server\OCR-FOTO-P3STE\OCR_Foto_Timemark_App\05_pdf_merged\Tim_1\BTP BD\SINYAL\PERAWATAN SINYAL J10 BTT 24-08-2025.pdf"
"SHA256","518DC1993C90ACD1CFEC20BC47F47981137645A2A584F1FC7A959D37EBF91DFF","C:\Users\dikarm\Documents\Server\OCR-FOTO-P3STE\OCR_Foto_Timemark_App\05_pdf_merged\Tim_1\BTP BD\SINYAL\PERAWATAN SINYAL J10 MSG 27-08-2025.pdf"
"SHA256","6E9A7C3B9DDEA5E59D1F9B157E9CB7E79A8288A9E437BC63C4342E5FDD9BF03A","C:\Users\dikarm\Documents\Server\OCR-FOTO-P3STE\OCR_Foto_Timemark_App\05_pdf_merged\Tim_1\BTP BD\SINYAL\PERAWATAN SINYAL J14 MSG 27-08-2025.pdf"
"SHA256","193332DCA735E4FD9E2B93A96CE4CF8A091E9DBF5C9A713D743B6697C64AFE55","C:\Users\dikarm\Documents\Server\OCR-FOTO-P3STE\OCR_Foto_Timemark_App\05_pdf_merged\Tim_1\BTP BD\SINYAL\PERAWATAN SINYAL J22A BTT 24-08-2025.pdf"
"SHA256","EC429BD84EF928B323134D6775ECC57D16A8942D0D8ECE7D00F8526A61DA2A96","C:\Users\dikarm\Documents\Server\OCR-FOTO-P3STE\OCR_Foto_Timemark_App\05_pdf_merged\Tim_1\BTP BD\SINYAL\PERAWATAN SINYAL J28 BOP 08-08-2025.pdf"
"SHA256","76C872C28D785F3D3D819BED7AB370FB399B8FBADFF4A9AAC40B90C892C0D6CC","C:\Users\dikarm\Documents\Server\OCR-FOTO-P3STE\OCR_Foto_Timemark_App\05_pdf_merged\Tim_1\BTP BD\SINYAL\PERAWATAN SINYAL JL26B BOP 08-08-2025.pdf"
"SHA256","761F74E1CB99B5B0C5318891DAE2F293DAB193BAF0C8EBC8AEC35CD2B2CE53FF","C:\Users\dikarm\Documents\Server\OCR-FOTO-P3STE\OCR_Foto_Timemark_App\05_pdf_merged\Tim_1\BTP BD\SINYAL\PERAWATAN SINYAL L68 BOP 08-08-2025.pdf"
"SHA256","744636C54B1D64CBC4EB6632D3C790146645FEF08A660283B82510CCF2F83ECA","C:\Users\dikarm\Documents\Server\OCR-FOTO-P3STE\OCR_Foto_Timemark_App\05_pdf_merged\Tim_1\BTP BD\SINYAL\PERAWATAN SINYAL MJ10 BOP-BTT 24-08-2025.pdf"
"SHA256","8DCDBE492650C4A775374262299844D6FF84C77AD7556E3899D3B014DC6C2FB8","C:\Users\dikarm\Documents\Server\OCR-FOTO-P3STE\OCR_Foto_Timemark_App\05_pdf_merged\Tim_1\BTP BD\SINYAL\PERAWATAN SINYAL MJ10 BTT-MSG 27-08-2025.pdf"
"SHA256","254FD02638F78ADF440C6C238974DBF256344F93808D17F1DE20BC831AE160BA","C:\Users\dikarm\Documents\Server\OCR-FOTO-P3STE\OCR_Foto_Timemark_App\05_pdf_merged\Tim_1\BTP BD\SINYAL\PERAWATAN SINYAL MJ14 CCR-MSG 27-08-2025.pdf"
"SHA256","76A29605D8D753ABD936E5A11F1454919F4253C15E2021A81A2C3E336B9AA932","C:\Users\dikarm\Documents\Server\OCR-FOTO-P3STE\OCR_Foto_Timemark_App\05_pdf_merged\Tim_1\BTP BD\SINYAL\PERAWATAN SINYAL MJ24 CCR-MSG 27-08-2025.pdf"
"SHA256","4A7466E4A2761F8BD20861FF983453D404F9EE141678870B2C2A6D2E9188CF29","C:\Users\dikarm\Documents\Server\OCR-FOTO-P3STE\OCR_Foto_Timemark_App\05_pdf_merged\Tim_1\BTP BD\SINYAL\PERAWATAN SINYAL MJ24 MSG-BTT 24-08-2025.pdf"
"SHA256","2A7AC53ADC2F57CA4BE52B3C6F5886D76CC69876D24B1109D2F304AD5012ECEA","C:\Users\dikarm\Documents\Server\OCR-FOTO-P3STE\OCR_Foto_Timemark_App\05_pdf_merged\Tim_1\BTP BD\SINYAL\PERAWATAN SINYAL MJ28 BOP-BTT 08-08-2025.pdf"
"SHA256","9BAB1C15F6B80E9FDF7B8D34FF298E61EC5804C30D3FAA81C149C2E9609075A2","C:\Users\dikarm\Documents\Server\OCR-FOTO-P3STE\OCR_Foto_Timemark_App\05_pdf_merged\Tim_1\BTP BD\WESEL\PERAWATAN WESEL W11 MSG 06-08-2025.pdf"
"SHA256","F002932C19F0184AD58B667DB5D3004B5B520FFF46326D1D80ECA0D3563A012A","C:\Users\dikarm\Documents\Server\OCR-FOTO-P3STE\OCR_Foto_Timemark_App\05_pdf_merged\Tim_1\BTP BD\WESEL\PERAWATAN WESEL W11 MSG 20-08-2025.pdf"
"SHA256","428589A3804C2A2DC9555A541FDF0D494600A62345C3044C208A5866BAABD16E","C:\Users\dikarm\Documents\Server\OCR-FOTO-P3STE\OCR_Foto_Timemark_App\05_pdf_merged\Tim_1\BTP BD\WESEL\PERAWATAN WESEL W13 MSG 06-08-2025.pdf"
"SHA256","3972FA880966099BE6E922D84B4C3FF9D7FD065345362AE91960C04E1A7C82C9","C:\Users\dikarm\Documents\Server\OCR-FOTO-P3STE\OCR_Foto_Timemark_App\05_pdf_merged\Tim_1\BTP BD\WESEL\PERAWATAN WESEL W13 MSG 20-08-2025.pdf"
"SHA256","DE4278252DD84CD8B0E6AD8B062333BB4F16E228A5A90EC4C2519C85C82484C4","C:\Users\dikarm\Documents\Server\OCR-FOTO-P3STE\OCR_Foto_Timemark_App\05_pdf_merged\Tim_1\BTP BD\WESEL\PERAWATAN WESEL W21 MSG 06-08-2025.pdf"
"SHA256","3D672D0FB6AF7EC40D7A74A850A0C357AEDCA2111A7C043E3AAB7416344549CC","C:\Users\dikarm\Documents\Server\OCR-FOTO-P3STE\OCR_Foto_Timemark_App\05_pdf_merged\Tim_1\BTP BD\WESEL\PERAWATAN WESEL W21 MSG 20-08-2025.pdf"
"SHA256","BD49652AE4BD1EC5AFCC98383A04D73B222446A3BE4A5BFA119649DBA0D1D7C0","C:\Users\dikarm\Documents\Server\OCR-FOTO-P3STE\OCR_Foto_Timemark_App\05_pdf_merged\Tim_1\BTP BD\WESEL\PERAWATAN WESEL W23 MSG 06-08-2025.pdf"
"SHA256","B4653BC83ED23F6F5E191D3AD3E11C637874462CE53748BA4CCF7DA2D795969D","C:\Users\dikarm\Documents\Server\OCR-FOTO-P3STE\OCR_Foto_Timemark_App\05_pdf_merged\Tim_1\BTP BD\WESEL\PERAWATAN WESEL W23 MSG 20-08-2025.pdf"
"SHA256","DBF921EB0A717110DBAA228A51D758A5176B7238AE4E03F66FF4266621A5773E","C:\Users\dikarm\Documents\Server\OCR-FOTO-P3STE\OCR_Foto_Timemark_App\05_pdf_merged\Tim_1\BTP BD\WESEL\PERAWATAN WESEL W25 BOP 04-08-2025.pdf"
"SHA256","79493FCDB962DEB5E3C7C90CFF09C4E3CF8CDCFF524BDDF318ECD620A7C484EA","C:\Users\dikarm\Documents\Server\OCR-FOTO-P3STE\OCR_Foto_Timemark_App\05_pdf_merged\Tim_1\BTP BD\WESEL\PERAWATAN WESEL W25 BOP 21-08-2025.pdf"
"SHA256","7B8EBCB24E3E15C04CAE7AB3A3B06C965BBDB82C6C9CA667BFF88B5228141110","C:\Users\dikarm\Documents\Server\OCR-FOTO-P3STE\OCR_Foto_Timemark_App\05_pdf_merged\Tim_1\BTP BD\WESEL\PERAWATAN WESEL W27A BOP 04-08-2025.pdf"
"SHA256","5E96A177218FEB26297555E303F1911D1EE2026687D7266A17CA3ED4805928AD","C:\Users\dikarm\Documents\Server\OCR-FOTO-P3STE\OCR_Foto_Timemark_App\05_pdf_merged\Tim_1\BTP BD\WESEL\PERAWATAN WESEL W27A BOP 21-08-2025.pdf"
"SHA256","06A4FDCDFC7C6C2168F57156D6AC77431BE8D0040DCA2F2A9FEFB889BDD2D099","C:\Users\dikarm\Documents\Server\OCR-FOTO-P3STE\OCR_Foto_Timemark_App\05_pdf_merged\Tim_1\BTP BD\WESEL\PERAWATAN WESEL W27B BOP 04-08-2025.pdf"
"SHA256","EA97B8BC91258D39F089F0710116FC1A7D4933F0E90BF42C7D5339F1608FE752","C:\Users\dikarm\Documents\Server\OCR-FOTO-P3STE\OCR_Foto_Timemark_App\05_pdf_merged\Tim_1\BTP BD\WESEL\PERAWATAN WESEL W27B BOP 21-08-2025.pdf"
"SHA256","FA3F8242A2DDA152CCAC7E37F6E194276B300D8CC1CF7947C25F860354B1B5D4","C:\Users\dikarm\Documents\Server\OCR-FOTO-P3STE\OCR_Foto_Timemark_App\05_pdf_merged\Tim_1\BTP BD\WESEL\PERAWATAN WESEL W47A BOP 04-08-2025.pdf"
"SHA256","7CA532C5D7D1A0025070BEA982FC1A7FE1CFE92119E30DFB14223715BC2B674B","C:\Users\dikarm\Documents\Server\OCR-FOTO-P3STE\OCR_Foto_Timemark_App\05_pdf_merged\Tim_1\BTP BD\WESEL\PERAWATAN WESEL W47A BOP 21-08-2025.pdf"
"SHA256","ADDA771F0D126775D82B12E5520F055B8DABF8FCFE845C5251A1BA2793A331C0","C:\Users\dikarm\Documents\Server\OCR-FOTO-P3STE\OCR_Foto_Timemark_App\05_pdf_merged\Tim_1\BTP BD\WESEL\PERAWATAN WESEL W47C BOP 04-08-2025.pdf"
"SHA256","1F2D3AB2AFC82379D6284B7DD0FC6AEA4E132BA9790F1C0F5BD2F9B8628BC06C","C:\Users\dikarm\Documents\Server\OCR-FOTO-P3STE\OCR_Foto_Timemark_App\05_pdf_merged\Tim_1\BTP BD\WESEL\PERAWATAN WESEL W47C BOP 21-08-2025.pdf"
"SHA256","BB529C5B8D7CF3837A905D782DF012B9A5CFB64A7046FA2F5BF935BB341D3A0A","C:\Users\dikarm\Documents\Server\OCR-FOTO-P3STE\OCR_Foto_Timemark_App\05_pdf_merged\Tim_1\BTP BD\WESEL\PERAWATAN WESEL W47D BOP 04-08-2025.pdf"
"SHA256","9AF8C7D1C0A64CC3D09A65FF2A6B99E9DCCB2049B393E160A770341C6A75B8F7","C:\Users\dikarm\Documents\Server\OCR-FOTO-P3STE\OCR_Foto_Timemark_App\05_pdf_merged\Tim_1\BTP BD\WESEL\PERAWATAN WESEL W47D BOP 21-08-2025.pdf"
"SHA256","6016DD85A46ACB085B12380A7DEADA145ED84CEF8F8DB96AB125C6210FC67F4A","C:\Users\dikarm\Documents\Server\OCR-FOTO-P3STE\OCR_Foto_Timemark_App\05_pdf_merged\Tim_1\BTP BD\WESEL\PERAWATAN WESEL W67 BOP 04-08-2025.pdf"
"SHA256","F6B5F12949F1D6D5FA5A309BE35F19BD50F23C6C665B022603476045153AF5DA","C:\Users\dikarm\Documents\Server\OCR-FOTO-P3STE\OCR_Foto_Timemark_App\05_pdf_merged\Tim_1\BTP BD\WESEL\PERAWATAN WESEL W67 BOP 21-08-2025.pdf"
"SHA256","E09C407818ED2E7FBAA684EDE65BF6B653ABFFF2B07A8F9430D01FA741BF8FEE","C:\Users\dikarm\Documents\Server\OCR-FOTO-P3STE\OCR_Foto_Timemark_App\05_pdf_merged\Tim_1\BTP JAK\AXC\PERAWATAN AXLE COUNTER ZP 101 BJD-CLT 23-08-2025.pdf"
"SHA256","8BD4084D36A981637E6F7A5013AF531E6027C6A431552AAE56A0A6B7B96DE91A","C:\Users\dikarm\Documents\Server\OCR-FOTO-P3STE\OCR_Foto_Timemark_App\05_pdf_merged\Tim_1\BTP JAK\AXC\PERAWATAN AXLE COUNTER ZP 101 CLT-BOO 09-08-2025.pdf"
"SHA256","2D9AB5552D89614245AC214E0C89368AAD4BDE3C5B769616BE5E8B2508A66F48","C:\Users\dikarm\Documents\Server\OCR-FOTO-P3STE\OCR_Foto_Timemark_App\05_pdf_merged\Tim_1\BTP JAK\AXC\PERAWATAN AXLE COUNTER ZP 102 BJD-CLT 23-08-2025.pdf"
"SHA256","E1B4D5EADC5C24B54F79A6C0F5F820E4EBACEA3BC80D45734FFD4534700DE60A","C:\Users\dikarm\Documents\Server\OCR-FOTO-P3STE\OCR_Foto_Timemark_App\05_pdf_merged\Tim_1\BTP JAK\AXC\PERAWATAN AXLE COUNTER ZP 102 CLT-BOO 09-08-2025.pdf"
"SHA256","530D5B05705182068D04715A1180D39C7BA9B66AEE08653072E284AC4DD4CC21","C:\Users\dikarm\Documents\Server\OCR-FOTO-P3STE\OCR_Foto_Timemark_App\05_pdf_merged\Tim_1\BTP JAK\AXC\PERAWATAN AXLE COUNTER ZP 103 CLT-BOO 09-08-2025.pdf"
"SHA256","C30AEE2DE74AD41958BABC41940232956460CAA015D7FFE7ADB86D9E89FCF5FE","C:\Users\dikarm\Documents\Server\OCR-FOTO-P3STE\OCR_Foto_Timemark_App\05_pdf_merged\Tim_1\BTP JAK\AXC\PERAWATAN AXLE COUNTER ZP 104 CLT-BOO 09-08-2025.pdf"
"SHA256","07A85B33ADE3F36B1908227FE2558F2940A99E0AA080104C490A1FE3F797D226","C:\Users\dikarm\Documents\Server\OCR-FOTO-P3STE\OCR_Foto_Timemark_App\05_pdf_merged\Tim_1\BTP JAK\AXC\PERAWATAN AXLE COUNTER ZP 105 CLT-BOO 11-08-2025.pdf"
"SHA256","B5F39887F67D41BB9AAF86BBC92B1AC15FD0A99DAB7225BCA3A26CF4D484613B","C:\Users\dikarm\Documents\Server\OCR-FOTO-P3STE\OCR_Foto_Timemark_App\05_pdf_merged\Tim_1\BTP JAK\AXC\PERAWATAN AXLE COUNTER ZP 106 CLT-BOO 11-08-2025.pdf"
"SHA256","6FDC8D3BB9A0294AF9AF20C9D37873B0D9E0073C92DE8832F24CF091866D98F9","C:\Users\dikarm\Documents\Server\OCR-FOTO-P3STE\OCR_Foto_Timemark_App\05_pdf_merged\Tim_1\BTP JAK\AXC\PERAWATAN AXLE COUNTER ZP 107 CLT-BOO 11-08-2025.pdf"
"SHA256","01FDC32FC99C97B9A74194979E8BD97DD1303DF6699C6769E0763B01C4F0F8B2","C:\Users\dikarm\Documents\Server\OCR-FOTO-P3STE\OCR_Foto_Timemark_App\05_pdf_merged\Tim_1\BTP JAK\AXC\PERAWATAN AXLE COUNTER ZP 108 CLT-BOO 11-08-2025.pdf"
"SHA256","03B8E1E0DC7106DE88819BB3EF93C08FBB2626625BCBEF5DFAB7BE74E5AC2F66","C:\Users\dikarm\Documents\Server\OCR-FOTO-P3STE\OCR_Foto_Timemark_App\05_pdf_merged\Tim_1\BTP JAK\AXC\PERAWATAN AXLE COUNTER ZP 109 CLT-BOO 12-08-2025.pdf"
"SHA256","A8FF63E7A6E7A49376484B9B47235F3BDECC50F822E32C227D3739A388B32B49","C:\Users\dikarm\Documents\Server\OCR-FOTO-P3STE\OCR_Foto_Timemark_App\05_pdf_merged\Tim_1\BTP JAK\AXC\PERAWATAN AXLE COUNTER ZP 10A BOO 07-08-2025.pdf"
"SHA256","14941AE9136760AEF1716B67B180871321577EF0A88487F1A899492FBE903554","C:\Users\dikarm\Documents\Server\OCR-FOTO-P3STE\OCR_Foto_Timemark_App\05_pdf_merged\Tim_1\BTP JAK\AXC\PERAWATAN AXLE COUNTER ZP 10A CLT 13-08-2025.pdf"
"SHA256","5D5B5F4F2C893148B1CF8DC928125A93097E499245C1A87ECB402F3ECA0D4F22","C:\Users\dikarm\Documents\Server\OCR-FOTO-P3STE\OCR_Foto_Timemark_App\05_pdf_merged\Tim_1\BTP JAK\AXC\PERAWATAN AXLE COUNTER ZP 10B BOO 07-08-2025.pdf"
"SHA256","D4165598B8F824D6C00CE4E8CE6007CB4DABBB42E7712B46281B9EAB57115F67","C:\Users\dikarm\Documents\Server\OCR-FOTO-P3STE\OCR_Foto_Timemark_App\05_pdf_merged\Tim_1\BTP JAK\AXC\PERAWATAN AXLE COUNTER ZP 10B CLT 13-08-2025.pdf"
"SHA256","21B39A2ABDC57CE5F4B87277F74A3EE56720BD929DB55966E5E9F72FE3CB9C5E","C:\Users\dikarm\Documents\Server\OCR-FOTO-P3STE\OCR_Foto_Timemark_App\05_pdf_merged\Tim_1\BTP JAK\AXC\PERAWATAN AXLE COUNTER ZP 11 CLT 13-08-2025.pdf"
"SHA256","D593D5590B8798B4458D73AF013F97EEE5EC02C07DDE0527D8290E7AA0138853","C:\Users\dikarm\Documents\Server\OCR-FOTO-P3STE\OCR_Foto_Timemark_App\05_pdf_merged\Tim_1\BTP JAK\AXC\PERAWATAN AXLE COUNTER ZP 110 CLT-BOO 12-08-2025.pdf"
"SHA256","EA6106E0B6F57A66A58E93AF3D472AF07715CDEC4962702BB6438A05F00975B2","C:\Users\dikarm\Documents\Server\OCR-FOTO-P3STE\OCR_Foto_Timemark_App\05_pdf_merged\Tim_1\BTP JAK\AXC\PERAWATAN AXLE COUNTER ZP 111 CLT-BOO 12-08-2025.pdf"
"SHA256","437CF1AE4A1A89DF1C03B65FB1C2F92C8459444B9A3E235D79D6A44C70580019","C:\Users\dikarm\Documents\Server\OCR-FOTO-P3STE\OCR_Foto_Timemark_App\05_pdf_merged\Tim_1\BTP JAK\AXC\PERAWATAN AXLE COUNTER ZP 112 CLT-BOO 12-08-2025.pdf"
"SHA256","A695828FE8E51386F8601A87DC3DE822EC5FD7438EB87013D20F958A48F4BC3C","C:\Users\dikarm\Documents\Server\OCR-FOTO-P3STE\OCR_Foto_Timemark_App\05_pdf_merged\Tim_1\BTP JAK\AXC\PERAWATAN AXLE COUNTER ZP 12A BOO 07-08-2025.pdf"
"SHA256","3C406D69A2C602E422C1C640F7ECE169B41301B57FCF874527FBB6D1CA3052BE","C:\Users\dikarm\Documents\Server\OCR-FOTO-P3STE\OCR_Foto_Timemark_App\05_pdf_merged\Tim_1\BTP JAK\AXC\PERAWATAN AXLE COUNTER ZP 12A CLT 13-08-2025.pdf"
"SHA256","415D148A69EECE4F08E63C88173BA0D0D240DF508EB8384F3E5879BB5BA51C27","C:\Users\dikarm\Documents\Server\OCR-FOTO-P3STE\OCR_Foto_Timemark_App\05_pdf_merged\Tim_1\BTP JAK\AXC\PERAWATAN AXLE COUNTER ZP 12B BOO 01-08-2025.pdf"
"SHA256","55F60F53133AA0A6387F71F59F16876E05FEBC27249D17D05521D5FA272F3B40","C:\Users\dikarm\Documents\Server\OCR-FOTO-P3STE\OCR_Foto_Timemark_App\05_pdf_merged\Tim_1\BTP JAK\AXC\PERAWATAN AXLE COUNTER ZP 12B CLT 13-08-2025.pdf"
"SHA256","6348FEA8FA2979E546B0552BD0DDFE7707534CC27AC16BA8BF75759AFB3FBA1F","C:\Users\dikarm\Documents\Server\OCR-FOTO-P3STE\OCR_Foto_Timemark_App\05_pdf_merged\Tim_1\BTP JAK\AXC\PERAWATAN AXLE COUNTER ZP 13 BOO 01-08-2025.pdf"
"SHA256","33B42ED4DAAFBB4DE149DE680D95A6869A208E61B2E2BA65F7DCF329B463A6F8","C:\Users\dikarm\Documents\Server\OCR-FOTO-P3STE\OCR_Foto_Timemark_App\05_pdf_merged\Tim_1\BTP JAK\AXC\PERAWATAN AXLE COUNTER ZP 13 CLT 13-08-2025.pdf"
"SHA256","2948247CD2F7FD67F8EED342E291BCCAEAD5DB437178898CEA1DC116156C7130","C:\Users\dikarm\Documents\Server\OCR-FOTO-P3STE\OCR_Foto_Timemark_App\05_pdf_merged\Tim_1\BTP JAK\AXC\PERAWATAN AXLE COUNTER ZP 14A CLT 13-08-2025.pdf"
"SHA256","9ADDFD13A62276CD25EA7AA15582B6F2BE4BC5C4144533BFF82965A63805DD9A","C:\Users\dikarm\Documents\Server\OCR-FOTO-P3STE\OCR_Foto_Timemark_App\05_pdf_merged\Tim_1\BTP JAK\AXC\PERAWATAN AXLE COUNTER ZP 14B CLT 13-08-2025.pdf"
"SHA256","6E5DD9EE642AE74C17C8E1F34F49A043F350490058481F8A8FAF7797BC94B66B","C:\Users\dikarm\Documents\Server\OCR-FOTO-P3STE\OCR_Foto_Timemark_App\05_pdf_merged\Tim_1\BTP JAK\AXC\PERAWATAN AXLE COUNTER ZP 201 BOO-CLT 12-08-2025.pdf"
"SHA256","37E8D70F9AE6CEF4D1EA56C45434E49828A473B4B29BF5C54B9543D16785DEC0","C:\Users\dikarm\Documents\Server\OCR-FOTO-P3STE\OCR_Foto_Timemark_App\05_pdf_merged\Tim_1\BTP JAK\AXC\PERAWATAN AXLE COUNTER ZP 202 BOO-CLT 12-08-2025.pdf"
"SHA256","7297C3A72A6BA9BD56149B667EB3D6D796BB5F40FD95483B4B82DDF2E6B5C699","C:\Users\dikarm\Documents\Server\OCR-FOTO-P3STE\OCR_Foto_Timemark_App\05_pdf_merged\Tim_1\BTP JAK\AXC\PERAWATAN AXLE COUNTER ZP 203 BOO-CLT 12-08-2025.pdf"
"SHA256","0BAEC1EE332B521751016051F1AE835AC85F052339C2B7F9747F5522328FDE4D","C:\Users\dikarm\Documents\Server\OCR-FOTO-P3STE\OCR_Foto_Timemark_App\05_pdf_merged\Tim_1\BTP JAK\AXC\PERAWATAN AXLE COUNTER ZP 204 BOO-CLT 12-08-2025.pdf"
"SHA256","687AB625B5339659461B3BF92EA9934CAF3725CBD113C27CC9AB910588677E25","C:\Users\dikarm\Documents\Server\OCR-FOTO-P3STE\OCR_Foto_Timemark_App\05_pdf_merged\Tim_1\BTP JAK\AXC\PERAWATAN AXLE COUNTER ZP 205 BOO-CLT 11-08-2025.pdf"
"SHA256","2E3B92C764648B230C59ECB84B52622B58C5457A2247702647FE60E0AB8A6851","C:\Users\dikarm\Documents\Server\OCR-FOTO-P3STE\OCR_Foto_Timemark_App\05_pdf_merged\Tim_1\BTP JAK\AXC\PERAWATAN AXLE COUNTER ZP 205 CLT-BJD 23-08-2025.pdf"
"SHA256","F4B7A610CD0504D90A3681E7F332057215E80FC6220A5B78305AE4FDA5BB89C9","C:\Users\dikarm\Documents\Server\OCR-FOTO-P3STE\OCR_Foto_Timemark_App\05_pdf_merged\Tim_1\BTP JAK\AXC\PERAWATAN AXLE COUNTER ZP 206 BOO-CLT 11-08-2025.pdf"
"SHA256","65ABA857E00CD820598910DD02405F4F29A8F3C73248D765BC7A4FF7B04004A0","C:\Users\dikarm\Documents\Server\OCR-FOTO-P3STE\OCR_Foto_Timemark_App\05_pdf_merged\Tim_1\BTP JAK\AXC\PERAWATAN AXLE COUNTER ZP 206 CLT-BJD 23-08-2025.pdf"
"SHA256","D853B25651CB4852132D1BB6680645EA990E54FFF06327E92669CC623CEA4640","C:\Users\dikarm\Documents\Server\OCR-FOTO-P3STE\OCR_Foto_Timemark_App\05_pdf_merged\Tim_1\BTP JAK\AXC\PERAWATAN AXLE COUNTER ZP 207 BOO-CLT 11-08-2025.pdf"
"SHA256","106AA24A56A88E63D09DDF3A445F8952E04A13A692E41BE2EEB0695AE943D0B2","C:\Users\dikarm\Documents\Server\OCR-FOTO-P3STE\OCR_Foto_Timemark_App\05_pdf_merged\Tim_1\BTP JAK\AXC\PERAWATAN AXLE COUNTER ZP 207 CLT-BJD 23-08-2025.pdf"
"SHA256","02B7C54149C3F02ADB6B54F89BB68C058DA3E19DA85694C3188E56AEFFC9EF1E","C:\Users\dikarm\Documents\Server\OCR-FOTO-P3STE\OCR_Foto_Timemark_App\05_pdf_merged\Tim_1\BTP JAK\AXC\PERAWATAN AXLE COUNTER ZP 208 BOO-CLT 11-08-2025.pdf"
"SHA256","E65AC132E051F54FAB9BE452F0D823E11B76CEC551AE44E535D4C5053047D768","C:\Users\dikarm\Documents\Server\OCR-FOTO-P3STE\OCR_Foto_Timemark_App\05_pdf_merged\Tim_1\BTP JAK\AXC\PERAWATAN AXLE COUNTER ZP 209 BOO-CLT 09-08-2025.pdf"
"SHA256","B132C8AC4EBF88ABDBBD0B091275856873A7E91DD2C502FD7B0B9457A4C31803","C:\Users\dikarm\Documents\Server\OCR-FOTO-P3STE\OCR_Foto_Timemark_App\05_pdf_merged\Tim_1\BTP JAK\AXC\PERAWATAN AXLE COUNTER ZP 20A BOO 07-08-2025.pdf"
"SHA256","FEE3E0FA27003F1E0150CA7C8B74FC0CDD91A8C84E5D63B41193051F743EFED4","C:\Users\dikarm\Documents\Server\OCR-FOTO-P3STE\OCR_Foto_Timemark_App\05_pdf_merged\Tim_1\BTP JAK\AXC\PERAWATAN AXLE COUNTER ZP 20A CLT 13-08-2025.pdf"
"SHA256","3EFF764509E2B060CFE35771087634B933E8DCC0192EF140FF85DCAD6F5F3EF0","C:\Users\dikarm\Documents\Server\OCR-FOTO-P3STE\OCR_Foto_Timemark_App\05_pdf_merged\Tim_1\BTP JAK\AXC\PERAWATAN AXLE COUNTER ZP 20B BOO 07-08-2025.pdf"
"SHA256","FAB10E43B251BEC487B8BE485FDDA7185B55C8B85EEE5D983EF5032C5DC147D0","C:\Users\dikarm\Documents\Server\OCR-FOTO-P3STE\OCR_Foto_Timemark_App\05_pdf_merged\Tim_1\BTP JAK\AXC\PERAWATAN AXLE COUNTER ZP 20B CLT 13-08-2025.pdf"
"SHA256","3DA44485F4ABF0052D0F023D9394AE43E61B422E503179C4F36A1984F55A8E85","C:\Users\dikarm\Documents\Server\OCR-FOTO-P3STE\OCR_Foto_Timemark_App\05_pdf_merged\Tim_1\BTP JAK\AXC\PERAWATAN AXLE COUNTER ZP 20C BOO 07-08-2025.pdf"
"SHA256","161953717C780AE16606176ADAAB4BE35CB7FF6972E18B8504B9906992A8BF16","C:\Users\dikarm\Documents\Server\OCR-FOTO-P3STE\OCR_Foto_Timemark_App\05_pdf_merged\Tim_1\BTP JAK\AXC\PERAWATAN AXLE COUNTER ZP 210 BOO-CLT 09-08-2025.pdf"
"SHA256","876A13544E58B8D71411A17BA2DD5863EA1963A2837EA1C9218FDEA144CC9FAF","C:\Users\dikarm\Documents\Server\OCR-FOTO-P3STE\OCR_Foto_Timemark_App\05_pdf_merged\Tim_1\BTP JAK\AXC\PERAWATAN AXLE COUNTER ZP 211 BOO-CLT 09-08-2025.pdf"
"SHA256","442BD7FAABD7CBAC40337F0D4D83F4D5653D1695B8339056242278CB29F13C21","C:\Users\dikarm\Documents\Server\OCR-FOTO-P3STE\OCR_Foto_Timemark_App\05_pdf_merged\Tim_1\BTP JAK\AXC\PERAWATAN AXLE COUNTER ZP 212 BOO-CLT 09-08-2025.pdf"
"SHA256","705F809753F79C62D569D0E4F5EFCB5865B02259453F6BF966D75111919BCC4B","C:\Users\dikarm\Documents\Server\OCR-FOTO-P3STE\OCR_Foto_Timemark_App\05_pdf_merged\Tim_1\BTP JAK\AXC\PERAWATAN AXLE COUNTER ZP 213 BOO-CLT 09-08-2025.pdf"
"SHA256","024EB74997E07887B5F67FE4A5DCA7A0A2B9D3CD7B674BFA646D29188BF9671F","C:\Users\dikarm\Documents\Server\OCR-FOTO-P3STE\OCR_Foto_Timemark_App\05_pdf_merged\Tim_1\BTP JAK\AXC\PERAWATAN AXLE COUNTER ZP 21A BOO 07-08-2025.pdf"
"SHA256","30CEE0D37A8873E4ADAB172B9B5B25BF4B0D90D99EF69CF74CC7DE80A6D29EF7","C:\Users\dikarm\Documents\Server\OCR-FOTO-P3STE\OCR_Foto_Timemark_App\05_pdf_merged\Tim_1\BTP JAK\AXC\PERAWATAN AXLE COUNTER ZP 21B BOO 07-08-2025.pdf"
"SHA256","AD74602D37107DF421960946908EB6C5910A76EDBABC02B2E2E817A2770178E6","C:\Users\dikarm\Documents\Server\OCR-FOTO-P3STE\OCR_Foto_Timemark_App\05_pdf_merged\Tim_1\BTP JAK\AXC\PERAWATAN AXLE COUNTER ZP 21C BOO 07-08-2025.pdf"
"SHA256","876242766CF686F01E2A921F9173D91F612392F8BFBEC7E622170511C9760FBE","C:\Users\dikarm\Documents\Server\OCR-FOTO-P3STE\OCR_Foto_Timemark_App\05_pdf_merged\Tim_1\BTP JAK\AXC\PERAWATAN AXLE COUNTER ZP 22A BOO 07-08-2025.pdf"
"SHA256","C8C16DD3F8BA737EF2FA8939A70F169F8277537F182474C7679911674F94F1FE","C:\Users\dikarm\Documents\Server\OCR-FOTO-P3STE\OCR_Foto_Timemark_App\05_pdf_merged\Tim_1\BTP JAK\AXC\PERAWATAN AXLE COUNTER ZP 22A CLT 13-08-2025.pdf"
"SHA256","52822957F3B807ED8E71FB2248FE60B083B01C5FF0A1811FA0F2DB146FFE0A9F","C:\Users\dikarm\Documents\Server\OCR-FOTO-P3STE\OCR_Foto_Timemark_App\05_pdf_merged\Tim_1\BTP JAK\AXC\PERAWATAN AXLE COUNTER ZP 22B BOO 01-08-2025.pdf"
"SHA256","0814A5E2662716AC81954F58A39551897B2EB77F47C4A536B1E1A67EA98911CC","C:\Users\dikarm\Documents\Server\OCR-FOTO-P3STE\OCR_Foto_Timemark_App\05_pdf_merged\Tim_1\BTP JAK\AXC\PERAWATAN AXLE COUNTER ZP 22B CLT 13-08-2025.pdf"
"SHA256","D59597792B8E5D7BE3EBCF676C53B758298620CC9606ACBE5E2865551B6F572D","C:\Users\dikarm\Documents\Server\OCR-FOTO-P3STE\OCR_Foto_Timemark_App\05_pdf_merged\Tim_1\BTP JAK\AXC\PERAWATAN AXLE COUNTER ZP 23A BOO 01-08-2025.pdf"
"SHA256","4E2A5A91BEE4F793775EAB7ED6912DAA7E968A0B1D1FB221E5D8BB06D8508756","C:\Users\dikarm\Documents\Server\OCR-FOTO-P3STE\OCR_Foto_Timemark_App\05_pdf_merged\Tim_1\BTP JAK\AXC\PERAWATAN AXLE COUNTER ZP 23B BOO 01-08-2025.pdf"
"SHA256","A240BB63BE7C94CD7741AF1AD9CDF15733FA8E6E37C76110E9B6D72301BAFFB2","C:\Users\dikarm\Documents\Server\OCR-FOTO-P3STE\OCR_Foto_Timemark_App\05_pdf_merged\Tim_1\BTP JAK\AXC\PERAWATAN AXLE COUNTER ZP 24A BOO 01-08-2025.pdf"
"SHA256","D60F3D15AE9A7A1D9D8B011F7F49B3349C710D84FB6623F3246F1FD6FFEF348B","C:\Users\dikarm\Documents\Server\OCR-FOTO-P3STE\OCR_Foto_Timemark_App\05_pdf_merged\Tim_1\BTP JAK\AXC\PERAWATAN AXLE COUNTER ZP 24A CLT 13-08-2025.pdf"
"SHA256","4678568FE5120520DB25AA8D0EE9D60F45D38CE9A4FD12FE2171B445C1425207","C:\Users\dikarm\Documents\Server\OCR-FOTO-P3STE\OCR_Foto_Timemark_App\05_pdf_merged\Tim_1\BTP JAK\AXC\PERAWATAN AXLE COUNTER ZP 24B BOO 01-08-2025.pdf"
"SHA256","F1BF1DB9A1BD7319E3795F23E95DEFD87CD70CBAD4EA40A744DCF1349D9198A1","C:\Users\dikarm\Documents\Server\OCR-FOTO-P3STE\OCR_Foto_Timemark_App\05_pdf_merged\Tim_1\BTP JAK\AXC\PERAWATAN AXLE COUNTER ZP 24B CLT 13-08-2025.pdf"
"SHA256","E081A1827E30032BED117EFADE9741434CE7E9CBACFBBA027835CB2CBCDEA4BC","C:\Users\dikarm\Documents\Server\OCR-FOTO-P3STE\OCR_Foto_Timemark_App\05_pdf_merged\Tim_1\BTP JAK\AXC\PERAWATAN AXLE COUNTER ZP 31A BOO 07-08-2025.pdf"
"SHA256","B81B11FB57FCAF9C20B2AF6B296629CEBED04D8BF3CC30D4D1C6238982577F5A","C:\Users\dikarm\Documents\Server\OCR-FOTO-P3STE\OCR_Foto_Timemark_App\05_pdf_merged\Tim_1\BTP JAK\AXC\PERAWATAN AXLE COUNTER ZP 31B BOO 07-08-2025.pdf"
"SHA256","640EF12E069D5A8BB1CAC1B87E3546AEDAA9C9AA159DF4A051BA4053BEA1CA8B","C:\Users\dikarm\Documents\Server\OCR-FOTO-P3STE\OCR_Foto_Timemark_App\05_pdf_merged\Tim_1\BTP JAK\AXC\PERAWATAN AXLE COUNTER ZP 31C BOO 07-08-2025.pdf"
"SHA256","5394422463256A06B478DDEB76B854D4BB453FCFD0AB16F2E169ED1944250FBE","C:\Users\dikarm\Documents\Server\OCR-FOTO-P3STE\OCR_Foto_Timemark_App\05_pdf_merged\Tim_1\BTP JAK\AXC\PERAWATAN AXLE COUNTER ZP 31D BOO 07-08-2025.pdf"
"SHA256","7261BDFBA0E04F190D5B18ECE8686060545EA8CB049DF446F90B7B69D25FEE91","C:\Users\dikarm\Documents\Server\OCR-FOTO-P3STE\OCR_Foto_Timemark_App\05_pdf_merged\Tim_1\BTP JAK\AXC\PERAWATAN AXLE COUNTER ZP 31E BOO 07-08-2025.pdf"
"SHA256","0284206F7C418DA163E7A0623688E02A5BA23272DC9F37D4103213DE7C1CFD8B","C:\Users\dikarm\Documents\Server\OCR-FOTO-P3STE\OCR_Foto_Timemark_App\05_pdf_merged\Tim_1\BTP JAK\AXC\PERAWATAN AXLE COUNTER ZP 32A BOO 07-08-2025.pdf"
"SHA256","2166BF85DF8729C28DBFE7F0F6D4660B1A4ECA0E4B023C691F721205A05483BD","C:\Users\dikarm\Documents\Server\OCR-FOTO-P3STE\OCR_Foto_Timemark_App\05_pdf_merged\Tim_1\BTP JAK\AXC\PERAWATAN AXLE COUNTER ZP 32B BOO 01-08-2025.pdf"
"SHA256","FD55E1F03733D206355B39C0B102EFEE030A6856FBABC5E0DE7605789EA8117D","C:\Users\dikarm\Documents\Server\OCR-FOTO-P3STE\OCR_Foto_Timemark_App\05_pdf_merged\Tim_1\BTP JAK\AXC\PERAWATAN AXLE COUNTER ZP 41B BOO 01-08-2025.pdf"
"SHA256","4EB436DA99AF3E3C496DB5068C49427C171478C1219E26C1C5D6DFAD30CDFB5B","C:\Users\dikarm\Documents\Server\OCR-FOTO-P3STE\OCR_Foto_Timemark_App\05_pdf_merged\Tim_1\BTP JAK\AXC\PERAWATAN AXLE COUNTER ZP 42A BOO 07-08-2025.pdf"
"SHA256","43CC377EB55ECB5E7F6737DA899786985EAF208267869A82B25092AEA95349F9","C:\Users\dikarm\Documents\Server\OCR-FOTO-P3STE\OCR_Foto_Timemark_App\05_pdf_merged\Tim_1\BTP JAK\AXC\PERAWATAN AXLE COUNTER ZP 42B BOO 01-08-2025.pdf"
"SHA256","CB7B9629E8C3A3B497419733FEEB56BFF693BC9694E6BC3A6478FE6EDF180B47","C:\Users\dikarm\Documents\Server\OCR-FOTO-P3STE\OCR_Foto_Timemark_App\05_pdf_merged\Tim_1\BTP JAK\AXC\PERAWATAN AXLE COUNTER ZP 42C BOO 01-08-2025.pdf"
"SHA256","077B72539CE4E4F9482854E9C17C8795B4C77D0112081FA7B8DA7E621B75C552","C:\Users\dikarm\Documents\Server\OCR-FOTO-P3STE\OCR_Foto_Timemark_App\05_pdf_merged\Tim_1\BTP JAK\AXC\PERAWATAN AXLE COUNTER ZP 52 BOO 07-08-2025.pdf"
"SHA256","3A22D08E9AFD34C63DE68423348DDBDAA9D23A09B166133C3327F9A8739E0211","C:\Users\dikarm\Documents\Server\OCR-FOTO-P3STE\OCR_Foto_Timemark_App\05_pdf_merged\Tim_1\BTP JAK\AXC\PERAWATAN AXLE COUNTER ZP 60 BOO 01-08-2025.pdf"
"SHA256","BF1749868EE5967792187AB2BEA3432191D824F3D5E41960E99E62C8F20814F0","C:\Users\dikarm\Documents\Server\OCR-FOTO-P3STE\OCR_Foto_Timemark_App\05_pdf_merged\Tim_1\BTP JAK\AXC\PERAWATAN AXLE COUNTER ZP 61 BOO 01-08-2025.pdf"
"SHA256","17F93F9130B67599274FCCF1B06AC20C968F3BA7BB9D37C517344D08BDC95627","C:\Users\dikarm\Documents\Server\OCR-FOTO-P3STE\OCR_Foto_Timemark_App\05_pdf_merged\Tim_1\BTP JAK\AXC\PERAWATAN AXLE COUNTER ZP 62A BOO 01-08-2025.pdf"
"SHA256","5783AD039F1B8D76CEF740FC2E47568F79EF3D9968533819E1604C1544D241CB","C:\Users\dikarm\Documents\Server\OCR-FOTO-P3STE\OCR_Foto_Timemark_App\05_pdf_merged\Tim_1\BTP JAK\AXC\PERAWATAN AXLE COUNTER ZP 62B BOO 01-08-2025.pdf"
"SHA256","A8C024DFCD1EB22D35F660746418B1440827AF70C3F6851EE8F021CD9CEBBFEB","C:\Users\dikarm\Documents\Server\OCR-FOTO-P3STE\OCR_Foto_Timemark_App\05_pdf_merged\Tim_1\BTP JAK\AXC\PERAWATAN AXLE COUNTER ZP 72 BOO 07-08-2025.pdf"
"SHA256","E2A44E30A4F5D55409C7CC2E7D3DC34D7ECC4BA32EA29366921396E49ABC3B50","C:\Users\dikarm\Documents\Server\OCR-FOTO-P3STE\OCR_Foto_Timemark_App\05_pdf_merged\Tim_1\BTP JAK\AXC\PERAWATAN AXLE COUNTER ZP 92 BOO 07-08-2025.pdf"
"SHA256","0C058204BA9F2FF5F941D4763C2F4A2922B3C4529F733F800C32B650C3B3FEA4","C:\Users\dikarm\Documents\Server\OCR-FOTO-P3STE\OCR_Foto_Timemark_App\05_pdf_merged\Tim_1\BTP JAK\CATUDAYA\PERAWATAN CATU DAYA ER RADIO BOO 22-08-2025.pdf"
"SHA256","031EC6AF296A8C76BD50548F30BAF17EDEB657B793CD2973C745671B1729F52F","C:\Users\dikarm\Documents\Server\OCR-FOTO-P3STE\OCR_Foto_Timemark_App\05_pdf_merged\Tim_1\BTP JAK\CATUDAYA\PERAWATAN CATU DAYA ER RADIO COS 25-08-2025.pdf"
"SHA256","5665DB57FF98C421442175F8BE56C1022B5F94280A5C402FE6F5A4AF2E0421E6","C:\Users\dikarm\Documents\Server\OCR-FOTO-P3STE\OCR_Foto_Timemark_App\05_pdf_merged\Tim_1\BTP JAK\CATUDAYA\PERAWATAN CATU DAYA ER SINYAL BOO 15-08-2025.pdf"
"SHA256","B36346462B8744B7551A0D533A476F268AE5DACF9F6B245AAA2250A6266C441A","C:\Users\dikarm\Documents\Server\OCR-FOTO-P3STE\OCR_Foto_Timemark_App\05_pdf_merged\Tim_1\BTP JAK\CATUDAYA\PERAWATAN CATU DAYA ER SINYAL CLT 05-08-2025.pdf"
"SHA256","82974607C92486F52F24CBA0116917E8526EEEEF814D9F80053B701CFA44769A","C:\Users\dikarm\Documents\Server\OCR-FOTO-P3STE\OCR_Foto_Timemark_App\05_pdf_merged\Tim_1\BTP JAK\CTS\PERAWATAN CTC-CTS BOO 15-08-2025.pdf"
"SHA256","767619F945F9608243C893D6D2795F5EE7255F111C6C7D5A635D1BAA5246A47B","C:\Users\dikarm\Documents\Server\OCR-FOTO-P3STE\OCR_Foto_Timemark_App\05_pdf_merged\Tim_1\BTP JAK\CTS\PERAWATAN CTC-CTS CLT 05-08-2025.pdf"
"SHA256","BB7D48D39B6D75F4F0F2CAF8EAE08474D208D60ACC7183050AB025785BBCF280","C:\Users\dikarm\Documents\Server\OCR-FOTO-P3STE\OCR_Foto_Timemark_App\05_pdf_merged\Tim_1\BTP JAK\JPL\PERAWATAN PINTU PERLINTASAN JPL 2 BOO 15-08-2025.pdf"
"SHA256","0D2D23AAEA6B0D199D74A8F01F60C6EC8B14C6AB49EB62ACFEA8460305EDACC2","C:\Users\dikarm\Documents\Server\OCR-FOTO-P3STE\OCR_Foto_Timemark_App\05_pdf_merged\Tim_1\BTP JAK\JPL\PERAWATAN PINTU PERLINTASAN JPL 26N CLT 18-08-2025.pdf"
"SHA256","3468946E49FC601463166024DDCF1EF8A37FE4F99C5E9CEBDB911B7470F02BDA","C:\Users\dikarm\Documents\Server\OCR-FOTO-P3STE\OCR_Foto_Timemark_App\05_pdf_merged\Tim_1\BTP JAK\JPL\PERAWATAN PINTU PERLINTASAN JPL 27 CLT-BOO 10-08-2025.pdf"
"SHA256","1B4D55529BF24E9D624EC576FFCD657DE4EBE6CC330CBABA5F1F8FA738969804","C:\Users\dikarm\Documents\Server\OCR-FOTO-P3STE\OCR_Foto_Timemark_App\05_pdf_merged\Tim_1\BTP JAK\JPL\PERAWATAN PINTU PERLINTASAN JPL 28 CLT-BOO 10-08-2025.pdf"
"SHA256","C534B87C514D008DE73CF3955F4C61AA003D67C215A82F4C6F69DB8DDD1BBE0B","C:\Users\dikarm\Documents\Server\OCR-FOTO-P3STE\OCR_Foto_Timemark_App\05_pdf_merged\Tim_1\BTP JAK\PDSE\PERAWATAN PDSE BOP 15-08-2025.pdf"
"SHA256","BCD18E722774EC87A0DEB999F273BEEA5F807A93A4C87409E73C2D807AEAEC04","C:\Users\dikarm\Documents\Server\OCR-FOTO-P3STE\OCR_Foto_Timemark_App\05_pdf_merged\Tim_1\BTP JAK\PDSE\PERAWATAN PDSE CLT 05-08-2025.pdf"
"SHA256","D97C5FEB6DB7E0B4282C9CFE816EC614620C5BE84D056E36124CEFD3F4DB9213","C:\Users\dikarm\Documents\Server\OCR-FOTO-P3STE\OCR_Foto_Timemark_App\05_pdf_merged\Tim_1\BTP JAK\PTDS\PERAWATAN PTDS BOO 15-08-2025.pdf"
"SHA256","E4B1E26D77B8CFA6AB35A1BBBB6822AFB09A2399ABD4FAB0DA2C7EF97992FA13","C:\Users\dikarm\Documents\Server\OCR-FOTO-P3STE\OCR_Foto_Timemark_App\05_pdf_merged\Tim_1\BTP JAK\PTLS\PERAWATAN PTLS BTT 22-08-2025.pdf"
"SHA256","90C2B2973BB421D4D1A30C3D5350334CF1CA8152A1793BB1C85C33DF1153E516","C:\Users\dikarm\Documents\Server\OCR-FOTO-P3STE\OCR_Foto_Timemark_App\05_pdf_merged\Tim_1\BTP JAK\PTPP\PERAWATAN PTPP JPL 01 BOO 15-08-2025.pdf"
"SHA256","2FB542780510A4C35D43B13790106FA37699F31382CFB8A2FDD31A881E012E24","C:\Users\dikarm\Documents\Server\OCR-FOTO-P3STE\OCR_Foto_Timemark_App\05_pdf_merged\Tim_1\BTP JAK\PTPP\PERAWATAN PTPP JPL 02 BOO 15-08-2025.pdf"
"SHA256","4DFF63203B3D8FEEB2B94D81AB20E25B44C61072B49386D8AC7B04923EACA88D","C:\Users\dikarm\Documents\Server\OCR-FOTO-P3STE\OCR_Foto_Timemark_App\05_pdf_merged\Tim_1\BTP JAK\PTPP\PERAWATAN PTPP JPL 26N BJD-CLT 18-08-2025.pdf"
"SHA256","FA0A82B3F43DA2664F3938ABBD1001B8E161AEB53B87ADF09D31E114A65DCFDC","C:\Users\dikarm\Documents\Server\OCR-FOTO-P3STE\OCR_Foto_Timemark_App\05_pdf_merged\Tim_1\BTP JAK\PTPP\PERAWATAN PTPP JPL 27 BOO-CLT 10-08-2025.pdf"
"SHA256","80B8F9187E0F9FDB9D781C4E0D639A0B96CE78DB6B848A1DBC20BCDB42A84C6C","C:\Users\dikarm\Documents\Server\OCR-FOTO-P3STE\OCR_Foto_Timemark_App\05_pdf_merged\Tim_1\BTP JAK\PTPP\PERAWATAN PTPP JPL 28 BOO-CLT 10-08-2025.pdf"
"SHA256","6B298DF50D09640D1106E929C43F45757004C08CACBDD5EE619CDF3207FA0266","C:\Users\dikarm\Documents\Server\OCR-FOTO-P3STE\OCR_Foto_Timemark_App\05_pdf_merged\Tim_1\BTP JAK\SERAT OPTIK\PERAWATAN SERAT OPTIK BOO 22-08-2025.pdf"
"SHA256","58FDE7BFEB03B502DA8A64BC9A46E2D220D0AD08B13CC4CE8A2D88584D78BD61","C:\Users\dikarm\Documents\Server\OCR-FOTO-P3STE\OCR_Foto_Timemark_App\05_pdf_merged\Tim_1\BTP JAK\SERAT OPTIK\PERAWATAN SERAT OPTIK JPL 01 BOO 15-08-2025.pdf"
"SHA256","9DC98F6F4CB0CCDF35CB4EF45CED35E8A6EFE8DAE961874453861307616BF900","C:\Users\dikarm\Documents\Server\OCR-FOTO-P3STE\OCR_Foto_Timemark_App\05_pdf_merged\Tim_1\BTP JAK\SERAT OPTIK\PERAWATAN SERAT OPTIK JPL 02 BOO 15-08-2025.pdf"
"SHA256","21F0E68193A2480CB643BC0F1B7A204A0A95AA8C192317B4D68B7FBB7AE61930","C:\Users\dikarm\Documents\Server\OCR-FOTO-P3STE\OCR_Foto_Timemark_App\05_pdf_merged\Tim_1\BTP JAK\SERAT OPTIK\PERAWATAN SERAT OPTIK JPL 04 BOO 14-08-2025.pdf"
"SHA256","705453005CDC0CF80D29CD953FA596E92CEFD34BE7CDA9A657BCBD2FFC7D6B28","C:\Users\dikarm\Documents\Server\OCR-FOTO-P3STE\OCR_Foto_Timemark_App\05_pdf_merged\Tim_1\BTP JAK\SERAT OPTIK\PERAWATAN SERAT OPTIK JPL 07 BOP 14-08-2025.pdf"
"SHA256","FBE812DACC4377790B4B0D33FAD086FB36853DE81FCC644E963CD785ED793F94","C:\Users\dikarm\Documents\Server\OCR-FOTO-P3STE\OCR_Foto_Timemark_App\05_pdf_merged\Tim_1\BTP JAK\SERAT OPTIK\PERAWATAN SERAT OPTIK JPL 26N CLT 18-08-2025.pdf"
"SHA256","45F6BE4E049085CA25D0C74FE16CA4E080BA78D79E9C4FED470438290669700D","C:\Users\dikarm\Documents\Server\OCR-FOTO-P3STE\OCR_Foto_Timemark_App\05_pdf_merged\Tim_1\BTP JAK\SERAT OPTIK\PERAWATAN SERAT OPTIK JPL 27 BOO 10-08-2025.pdf"
"SHA256","59A0431A2B2675A84ECD7742FF9C8FD0C86B81F6BE4853B4A3A29C55DF9B30C6","C:\Users\dikarm\Documents\Server\OCR-FOTO-P3STE\OCR_Foto_Timemark_App\05_pdf_merged\Tim_1\BTP JAK\SERAT OPTIK\PERAWATAN SERAT OPTIK JPL 27 CLT 10-08-2025.pdf"
"SHA256","2C0CE4F44F993DADB40A8AE9E1E9DA9C681866B7938BD0EDFF4BAFE1BE733A82","C:\Users\dikarm\Documents\Server\OCR-FOTO-P3STE\OCR_Foto_Timemark_App\05_pdf_merged\Tim_1\BTP JAK\SERAT OPTIK\PERAWATAN SERAT OPTIK JPL BNR BOP 14-08-2025.pdf"
"SHA256","FD3AA67B101AD91D72E8AF91341C8054A73BF9DE158A51CD393195FA1BB99334","C:\Users\dikarm\Documents\Server\OCR-FOTO-P3STE\OCR_Foto_Timemark_App\05_pdf_merged\Tim_1\BTP JAK\SERAT OPTIK\PERAWATAN SERAT OPTIK OTB ER RADIO CIOMAS 25-08-2025.pdf"
"SHA256","B1D89F312001080B8681CDDFC70A5EC830243605196B524E28C0EF3003CBEA3A","C:\Users\dikarm\Documents\Server\OCR-FOTO-P3STE\OCR_Foto_Timemark_App\05_pdf_merged\Tim_1\BTP JAK\SERAT OPTIK\PERAWATAN SERAT OPTIK OTB ER SINYAL BOO 15-08-2025.pdf"
"SHA256","B1203F64D9AF85330F3C9CBABDA2B709331E39CDFB27DECE6F13992C80BE538C","C:\Users\dikarm\Documents\Server\OCR-FOTO-P3STE\OCR_Foto_Timemark_App\05_pdf_merged\Tim_1\BTP JAK\SERAT OPTIK\PERAWATAN SERAT OPTIK OTB ER SINYAL CLT 05-08-2025.pdf"
"SHA256","1589510B75A36D70B94F546AA25794765EE5452F8AC28EB1DF76AAF4EC6A70B2","C:\Users\dikarm\Documents\Server\OCR-FOTO-P3STE\OCR_Foto_Timemark_App\05_pdf_merged\Tim_1\BTP JAK\SINYAL\PERAWATAN SINYAL B102 CLT-BOO 09-08-2025.pdf"
"SHA256","2DB4C4338B36E469E73B5D9FB60618B258A19DD7367B57C63CCEF0713EB18336","C:\Users\dikarm\Documents\Server\OCR-FOTO-P3STE\OCR_Foto_Timemark_App\05_pdf_merged\Tim_1\BTP JAK\SINYAL\PERAWATAN SINYAL B104 CLT-BOO 09-08-2025.pdf"
"SHA256","762434D21CBA4D476AA99C31F27DC36FAA10FA40D10E95C8FE8D6142D5A84031","C:\Users\dikarm\Documents\Server\OCR-FOTO-P3STE\OCR_Foto_Timemark_App\05_pdf_merged\Tim_1\BTP JAK\SINYAL\PERAWATAN SINYAL B106 CLT-BOO 11-08-2025.pdf"
"SHA256","74699A228E8354A2E3147ADCCFA15947DFE899382BFD223062DA8619A42EC043","C:\Users\dikarm\Documents\Server\OCR-FOTO-P3STE\OCR_Foto_Timemark_App\05_pdf_merged\Tim_1\BTP JAK\SINYAL\PERAWATAN SINYAL B109 CLT-BOO 12-08-2025.pdf"
"SHA256","E288DD304C3D96711A7C072471DED54C2CD1939B76697EFECDEBACCBBD957566","C:\Users\dikarm\Documents\Server\OCR-FOTO-P3STE\OCR_Foto_Timemark_App\05_pdf_merged\Tim_1\BTP JAK\SINYAL\PERAWATAN SINYAL B203 BOO-CLT 12-08-2025.pdf"
"SHA256","25C6B0B586C46ABD054605923D4C38E7B07A6DC9E62859C5CBBECF460BB3C11E","C:\Users\dikarm\Documents\Server\OCR-FOTO-P3STE\OCR_Foto_Timemark_App\05_pdf_merged\Tim_1\BTP JAK\SINYAL\PERAWATAN SINYAL B206 BOO-CLT 11-08-2025.pdf"
"SHA256","C83F0DA0DAE59112CEEE83A4D3E8B00A8613A9679333E5AFBBB5C99AC065AD19","C:\Users\dikarm\Documents\Server\OCR-FOTO-P3STE\OCR_Foto_Timemark_App\05_pdf_merged\Tim_1\BTP JAK\SINYAL\PERAWATAN SINYAL B207 CLT-BJD 23-08-2025.pdf"
"SHA256","50D78881BB1580EE4500C53475F35BBBBB1B680D3AC10CDFAA9B8AF2280D1006","C:\Users\dikarm\Documents\Server\OCR-FOTO-P3STE\OCR_Foto_Timemark_App\05_pdf_merged\Tim_1\BTP JAK\SINYAL\PERAWATAN SINYAL B213 BOO-CLT 09-08-2025.pdf"
"SHA256","4345C95A8248610DDB3F57CE6A9D1E0AB0F65045D3833DC18CF7EC86D7EC2DB5","C:\Users\dikarm\Documents\Server\OCR-FOTO-P3STE\OCR_Foto_Timemark_App\05_pdf_merged\Tim_1\BTP JAK\SINYAL\PERAWATAN SINYAL B214 BOO-CLT 07-08-2025.pdf"
"SHA256","CB2D11C30FDBDF6DD65825E8F9761D98D9DB42CDAD55C47A28C833B27AD4603D","C:\Users\dikarm\Documents\Server\OCR-FOTO-P3STE\OCR_Foto_Timemark_App\05_pdf_merged\Tim_1\BTP JAK\SINYAL\PERAWATAN SINYAL J10 CLT 13-08-2025.pdf"
"SHA256","BB0CB3D36C2AD6DAAA3782E9D4D89922698B41D38A88CD68516D8FC094AD157F","C:\Users\dikarm\Documents\Server\OCR-FOTO-P3STE\OCR_Foto_Timemark_App\05_pdf_merged\Tim_1\BTP JAK\SINYAL\PERAWATAN SINYAL J24 CLT 13-08-2025.pdf"
"SHA256","D0D4E523E7E0C541CB341CA56C7BF30A04973941FEB8B9046A29903F4424BEEA","C:\Users\dikarm\Documents\Server\OCR-FOTO-P3STE\OCR_Foto_Timemark_App\05_pdf_merged\Tim_1\BTP JAK\SINYAL\PERAWATAN SINYAL JL22A BOO 07-08-2025.pdf"
"SHA256","7026DAEABECCCC013B8817373BDD00D76DBC07BE30746ACDDD5F4882F4499A44","C:\Users\dikarm\Documents\Server\OCR-FOTO-P3STE\OCR_Foto_Timemark_App\05_pdf_merged\Tim_1\BTP JAK\SINYAL\PERAWATAN SINYAL JL62B BOO 01-08-2025.pdf"
"SHA256","F8371B410A29DDE7ADF378D291CC6711A67F548755421D02F3053000E88E4DC5","C:\Users\dikarm\Documents\Server\OCR-FOTO-P3STE\OCR_Foto_Timemark_App\05_pdf_merged\Tim_1\BTP JAK\SINYAL\PERAWATAN SINYAL JL92 BOO 07-08-2025.pdf"
"SHA256","BF4D83DD808D3CF3EF84AEE86F2A995495B3E2618D515795D031B227DAC3A72A","C:\Users\dikarm\Documents\Server\OCR-FOTO-P3STE\OCR_Foto_Timemark_App\05_pdf_merged\Tim_1\BTP JAK\SINYAL\PERAWATAN SINYAL L80 BOO 01-08-2025.pdf"
"SHA256","64975C27A42FE0F3C5963408B1BC1F23E2E3D4B9EE18DF39E4EB3AFB3ACA2E9B","C:\Users\dikarm\Documents\Server\OCR-FOTO-P3STE\OCR_Foto_Timemark_App\05_pdf_merged\Tim_1\BTP JAK\SINYAL\PERAWATAN SINYAL MJ20 BOO 07-08-2025.pdf"
"SHA256","8C73F40155C1986EE7C0F2CFEC3CA0EB224EC85C68E466D96D2F43E6CFB42FDF","C:\Users\dikarm\Documents\Server\OCR-FOTO-P3STE\OCR_Foto_Timemark_App\05_pdf_merged\Tim_1\BTP JAK\SINYAL\PERAWATAN SINYAL UB106 CLT-BOO 11-08-2025.pdf"
"SHA256","5DA0861A91CA7623AFE52BC93461A4B4E1924A45CE666E28F79D9D2C1D54AEA8","C:\Users\dikarm\Documents\Server\OCR-FOTO-P3STE\OCR_Foto_Timemark_App\05_pdf_merged\Tim_1\BTP JAK\SINYAL\PERAWATAN SINYAL UB206 CLT-BJD 23-08-2025.pdf"
"SHA256","48053322A8F6161443B7785125913C91CD874EC3067E9AB118D7367B9A9C3A7C","C:\Users\dikarm\Documents\Server\OCR-FOTO-P3STE\OCR_Foto_Timemark_App\05_pdf_merged\Tim_1\BTP JAK\SINYAL\PERAWATAN SINYAL UB207 BOO-CLT 11-08-2025.pdf"
"SHA256","D8A3B52A1F57B2ADE21CA2229B7382CAE72B3F07A62C58AA281527066987C3F2","C:\Users\dikarm\Documents\Server\OCR-FOTO-P3STE\OCR_Foto_Timemark_App\05_pdf_merged\Tim_1\BTP JAK\SINYAL\PERAWATAN SINYAL UB212 BOO-CLT 09-08-2025.pdf"
"SHA256","B16396697D506C8E66DE856B64C90C6686A8C794DE8ED851E5E44AFA3604DFDB","C:\Users\dikarm\Documents\Server\OCR-FOTO-P3STE\OCR_Foto_Timemark_App\05_pdf_merged\Tim_1\BTP JAK\WESEL\PERAWATAN POINT LOCK W81 BOO 03-08-2025.pdf"
"SHA256","257A8BFA5714EC5A16584D02931340B75048AC91186CCB167D01676A06B199FD","C:\Users\dikarm\Documents\Server\OCR-FOTO-P3STE\OCR_Foto_Timemark_App\05_pdf_merged\Tim_1\BTP JAK\WESEL\PERAWATAN POINT LOCK W81 BOO 17-08-2025.pdf"
"SHA256","D62C68C446B01DF37753E94E478B44FB6A72B9BA1E1733EA2A4E8A561FC641DE","C:\Users\dikarm\Documents\Server\OCR-FOTO-P3STE\OCR_Foto_Timemark_App\05_pdf_merged\Tim_1\BTP JAK\WESEL\PERAWATAN WESEL W11 CLT 05-08-2025.pdf"
"SHA256","EC749EFC642C11D28ABB12E5C21052ED97AEA3844586793966A7B8849D3FD145","C:\Users\dikarm\Documents\Server\OCR-FOTO-P3STE\OCR_Foto_Timemark_App\05_pdf_merged\Tim_1\BTP JAK\WESEL\PERAWATAN WESEL W11 CLT 18-08-2025.pdf"
"SHA256","5782D056EF77B5ACFBB4C46ABA98CA2AD382C27EE5D954316F2BBE0C1D25CA41","C:\Users\dikarm\Documents\Server\OCR-FOTO-P3STE\OCR_Foto_Timemark_App\05_pdf_merged\Tim_1\BTP JAK\WESEL\PERAWATAN WESEL W13 BOO 03-08-2025.pdf"
"SHA256","0DCFB3ABAB78F91BEE173CFEE104C532D6CF60D4D885FDBA4600D86684800D1A","C:\Users\dikarm\Documents\Server\OCR-FOTO-P3STE\OCR_Foto_Timemark_App\05_pdf_merged\Tim_1\BTP JAK\WESEL\PERAWATAN WESEL W13 BOO 17-08-2025.pdf"
"SHA256","62542900F9CA6A344800DF2EC13D6E138D60215F5EDDD8517529926AC3208431","C:\Users\dikarm\Documents\Server\OCR-FOTO-P3STE\OCR_Foto_Timemark_App\05_pdf_merged\Tim_1\BTP JAK\WESEL\PERAWATAN WESEL W13 CLT 05-08-2025.pdf"
"SHA256","0D2CB4FBAA53E5C2FE8562C4AFD8AF8D8568C906EC8D3550782DCAF857D522F7","C:\Users\dikarm\Documents\Server\OCR-FOTO-P3STE\OCR_Foto_Timemark_App\05_pdf_merged\Tim_1\BTP JAK\WESEL\PERAWATAN WESEL W13 CLT 18-08-2025.pdf"
"SHA256","561C4744816863C70402F1A93664460D67227EAE204BBA95DDC8F3387A40D0A3","C:\Users\dikarm\Documents\Server\OCR-FOTO-P3STE\OCR_Foto_Timemark_App\05_pdf_merged\Tim_1\BTP JAK\WESEL\PERAWATAN WESEL W21 CLT 05-08-2025.pdf"
"SHA256","0A9BE60D9808D24EEA86F90BE5394574FAAA11392A3CE255AA23D1DFAFD2A31A","C:\Users\dikarm\Documents\Server\OCR-FOTO-P3STE\OCR_Foto_Timemark_App\05_pdf_merged\Tim_1\BTP JAK\WESEL\PERAWATAN WESEL W21 CLT 18-08-2025.pdf"
"SHA256","665388F742294B1D41A74DB310BCFF858EC9F1F7C96A3A66BA3F74DD820835DC","C:\Users\dikarm\Documents\Server\OCR-FOTO-P3STE\OCR_Foto_Timemark_App\05_pdf_merged\Tim_1\BTP JAK\WESEL\PERAWATAN WESEL W21A BOO 02-08-2025.pdf"
"SHA256","ADCAB88FF2D7343682525C43D871301408068D236FC0E631F245DF73092CFCF9","C:\Users\dikarm\Documents\Server\OCR-FOTO-P3STE\OCR_Foto_Timemark_App\05_pdf_merged\Tim_1\BTP JAK\WESEL\PERAWATAN WESEL W21A BOO 16-08-2025.pdf"
"SHA256","48169301A80BA134F729E1115E232C54F20B225D6296B7AB2E131D5CE5B70EF4","C:\Users\dikarm\Documents\Server\OCR-FOTO-P3STE\OCR_Foto_Timemark_App\05_pdf_merged\Tim_1\BTP JAK\WESEL\PERAWATAN WESEL W21B1 BOO 02-08-2025.pdf"
"SHA256","259084E48D1B655B511458D8E16E45F7E9B71C755DA3679E062F0ACB988122A4","C:\Users\dikarm\Documents\Server\OCR-FOTO-P3STE\OCR_Foto_Timemark_App\05_pdf_merged\Tim_1\BTP JAK\WESEL\PERAWATAN WESEL W21B1 BOO 16-08-2025.pdf"
"SHA256","A153807BB0CCDC5C985650A24590C232DBAEBB1C9E8135782532D732484441BF","C:\Users\dikarm\Documents\Server\OCR-FOTO-P3STE\OCR_Foto_Timemark_App\05_pdf_merged\Tim_1\BTP JAK\WESEL\PERAWATAN WESEL W21B2 BOO 02-08-2025.pdf"
"SHA256","C0EE4A4D3E89C0EB15FA64221B60DE40E0AC644388C912C3B6133B2518586A8E","C:\Users\dikarm\Documents\Server\OCR-FOTO-P3STE\OCR_Foto_Timemark_App\05_pdf_merged\Tim_1\BTP JAK\WESEL\PERAWATAN WESEL W21B2 BOO 16-08-2025.pdf"
"SHA256","CB16BDB1B18AAA63E4DC76AAB17C98E2EA249DBD0A71EC41F8E2C3D301FA11EB","C:\Users\dikarm\Documents\Server\OCR-FOTO-P3STE\OCR_Foto_Timemark_App\05_pdf_merged\Tim_1\BTP JAK\WESEL\PERAWATAN WESEL W23 CLT 05-08-2025.pdf"
"SHA256","C310AD980398C2FC7F47F3002BD689300BB20C425EF076E4FD2E1D194F15748F","C:\Users\dikarm\Documents\Server\OCR-FOTO-P3STE\OCR_Foto_Timemark_App\05_pdf_merged\Tim_1\BTP JAK\WESEL\PERAWATAN WESEL W23 CLT 18-08-2025.pdf"
"SHA256","979D1031781C2705EBE110DD836D14B2E257E44EC493A205F8DBD3BABC473948","C:\Users\dikarm\Documents\Server\OCR-FOTO-P3STE\OCR_Foto_Timemark_App\05_pdf_merged\Tim_1\BTP JAK\WESEL\PERAWATAN WESEL W23A BOO 03-08-2025.pdf"
"SHA256","26FF89C9A81ED103EE2B9A21C031564FA5B216E210E61CE7E075C0759E34DFE6","C:\Users\dikarm\Documents\Server\OCR-FOTO-P3STE\OCR_Foto_Timemark_App\05_pdf_merged\Tim_1\BTP JAK\WESEL\PERAWATAN WESEL W23A BOO 17-08-2025.pdf"
"SHA256","3760BB0EF1BEFA29BF6B784E0D29010E498E52068C81D2EF50BCBB483E7DCBB5","C:\Users\dikarm\Documents\Server\OCR-FOTO-P3STE\OCR_Foto_Timemark_App\05_pdf_merged\Tim_1\BTP JAK\WESEL\PERAWATAN WESEL W23B BOO 03-08-2025.pdf"
"SHA256","603636D7FF409787F31E914DC062A5738DCC5534F1929B2A6AA6D8281E4D24C2","C:\Users\dikarm\Documents\Server\OCR-FOTO-P3STE\OCR_Foto_Timemark_App\05_pdf_merged\Tim_1\BTP JAK\WESEL\PERAWATAN WESEL W23B BOO 17-08-2025.pdf"
"SHA256","5B3543451449BBD9C141A9F74078E6A6038A41A08956CA17FAECE52F654444FE","C:\Users\dikarm\Documents\Server\OCR-FOTO-P3STE\OCR_Foto_Timemark_App\05_pdf_merged\Tim_1\BTP JAK\WESEL\PERAWATAN WESEL W31A BOO 02-08-2025.pdf"
"SHA256","6F68A586227857B722B7933A98DE73BBE1BF15111B4D5A319D85F36D75398312","C:\Users\dikarm\Documents\Server\OCR-FOTO-P3STE\OCR_Foto_Timemark_App\05_pdf_merged\Tim_1\BTP JAK\WESEL\PERAWATAN WESEL W31A BOO 16-08-2025.pdf"
"SHA256","4BE6371D73D617BD7A4C04D8B3640484D03B78F10AEB3B42FBDE8F4949EDE491","C:\Users\dikarm\Documents\Server\OCR-FOTO-P3STE\OCR_Foto_Timemark_App\05_pdf_merged\Tim_1\BTP JAK\WESEL\PERAWATAN WESEL W31B BOO 02-08-2025.pdf"
"SHA256","979B0F47914771CD4326315796947BA782859BF23C9E4C1BEB079F14F829F1AC","C:\Users\dikarm\Documents\Server\OCR-FOTO-P3STE\OCR_Foto_Timemark_App\05_pdf_merged\Tim_1\BTP JAK\WESEL\PERAWATAN WESEL W31B BOO 16-08-2025.pdf"
"SHA256","62B19514AC297761ADA3109CA1633397400ED9000714B5F039890611BA4AB7D4","C:\Users\dikarm\Documents\Server\OCR-FOTO-P3STE\OCR_Foto_Timemark_App\05_pdf_merged\Tim_1\BTP JAK\WESEL\PERAWATAN WESEL W31D BOO 02-08-2025.pdf"
"SHA256","F19A96B544C5576AEAAE998BD7A11869F1A79FF0498A8F4637BE41D82BB5BF2A","C:\Users\dikarm\Documents\Server\OCR-FOTO-P3STE\OCR_Foto_Timemark_App\05_pdf_merged\Tim_1\BTP JAK\WESEL\PERAWATAN WESEL W31D BOO 16-08-2025.pdf"
"SHA256","9E65A93A0F5CEF116993B8F2CD56EE65EECD147515D8797769B3B8DFCCC68F14","C:\Users\dikarm\Documents\Server\OCR-FOTO-P3STE\OCR_Foto_Timemark_App\05_pdf_merged\Tim_1\BTP JAK\WESEL\PERAWATAN WESEL W31E BOO 02-08-2025.pdf"
"SHA256","3F1F878F7E135E554F5805E40831E24A8D4FB1E2AFDA81891EF489175DE9C9B7","C:\Users\dikarm\Documents\Server\OCR-FOTO-P3STE\OCR_Foto_Timemark_App\05_pdf_merged\Tim_1\BTP JAK\WESEL\PERAWATAN WESEL W31E BOO 16-08-2025.pdf"
"SHA256","63B2EAA928BC6C5522EFF9811406B072D9AE3E14806A776863982434C85794ED","C:\Users\dikarm\Documents\Server\OCR-FOTO-P3STE\OCR_Foto_Timemark_App\05_pdf_merged\Tim_1\BTP JAK\WESEL\PERAWATAN WESEL W41 BOO 03-08-2025.pdf"
"SHA256","7C3B5E8A629BAC937C6A216026E1144A201652C3298EFEBB9C330FF8E4D3A92D","C:\Users\dikarm\Documents\Server\OCR-FOTO-P3STE\OCR_Foto_Timemark_App\05_pdf_merged\Tim_1\BTP JAK\WESEL\PERAWATAN WESEL W41 BOO 17-08-2025.pdf"
"SHA256","A3E32AD845BB8659F288B54B8E418F1B2E6370763DDE649D5525D42664D0C769","C:\Users\dikarm\Documents\Server\OCR-FOTO-P3STE\OCR_Foto_Timemark_App\05_pdf_merged\Tim_1\BTP JAK\WESEL\PERAWATAN WESEL W43 BOO 03-08-2025.pdf"
"SHA256","D5C3F5E830D81BDB642E6729C5FA76EAC106E143F7EB5B0EC3AB794E1505D59B","C:\Users\dikarm\Documents\Server\OCR-FOTO-P3STE\OCR_Foto_Timemark_App\05_pdf_merged\Tim_1\BTP JAK\WESEL\PERAWATAN WESEL W43 BOO 17-08-2025.pdf"
"SHA256","0DE912FA676775ED0BE61456C30DF216FA8F0A3653545D37964D1F218A9917BF","C:\Users\dikarm\Documents\Server\OCR-FOTO-P3STE\OCR_Foto_Timemark_App\05_pdf_merged\Tim_1\BTP JAK\WESEL\PERAWATAN WESEL W51A1 BOO 02-08-2025.pdf"
"SHA256","A306B628AE3DC5986E4824390E57A315283067B5AC71FF6D79D5FA61F3D33206","C:\Users\dikarm\Documents\Server\OCR-FOTO-P3STE\OCR_Foto_Timemark_App\05_pdf_merged\Tim_1\BTP JAK\WESEL\PERAWATAN WESEL W51A1 BOO 16-08-2025.pdf"
"SHA256","DD45E450D813D0B817FBD7D14A4980A012AEFDC880606D99A3F18C6EC71564D0","C:\Users\dikarm\Documents\Server\OCR-FOTO-P3STE\OCR_Foto_Timemark_App\05_pdf_merged\Tim_1\BTP JAK\WESEL\PERAWATAN WESEL W51A2 BOO 02-08-2025.pdf"
"SHA256","E01935386BE53A8D9E6B442AE9E689C245F7A95A1B431E896E2CE306931554DE","C:\Users\dikarm\Documents\Server\OCR-FOTO-P3STE\OCR_Foto_Timemark_App\05_pdf_merged\Tim_1\BTP JAK\WESEL\PERAWATAN WESEL W51A2 BOO 16-08-2025.pdf"
"SHA256","F680CA37CFBE1C581308338495DEFF5774BDB81E94252DDE6F8297F6231E5145","C:\Users\dikarm\Documents\Server\OCR-FOTO-P3STE\OCR_Foto_Timemark_App\05_pdf_merged\Tim_1\BTP JAK\WESEL\PERAWATAN WESEL W61A1 BOO 03-08-2025.pdf"
"SHA256","80BBF615086AD34C7FF8AD02AE5D43AE0D655D35ACFC070063DA2BEF7F14B6C9","C:\Users\dikarm\Documents\Server\OCR-FOTO-P3STE\OCR_Foto_Timemark_App\05_pdf_merged\Tim_1\BTP JAK\WESEL\PERAWATAN WESEL W61A1 BOO 17-08-2025.pdf"
"SHA256","AC9059F43D3D56F9D3CD05AA377CF41CF4B72FD9099BFB42DDF99E315E83F415","C:\Users\dikarm\Documents\Server\OCR-FOTO-P3STE\OCR_Foto_Timemark_App\05_pdf_merged\Tim_1\BTP JAK\WESEL\PERAWATAN WESEL W61A2 BOO 03-08-2025.pdf"
"SHA256","C260270689F081874F1FB4259F8355102DADA3F9253F7475B5E9D1CA0692CB0C","C:\Users\dikarm\Documents\Server\OCR-FOTO-P3STE\OCR_Foto_Timemark_App\05_pdf_merged\Tim_1\BTP JAK\WESEL\PERAWATAN WESEL W61A2 BOO 17-08-2025.pdf"
"SHA256","E1F13C96B20E88A0D146F00BA49B756048A4F02C270E342A81797587976330CF","C:\Users\dikarm\Documents\Server\OCR-FOTO-P3STE\OCR_Foto_Timemark_App\05_pdf_merged\Tim_1\BTP JAK\WESEL\PERAWATAN WESEL W7S W 02-08-2025.pdf"
